tweet_id,created_at,full_text,lang,is_quote,possibly_sensitive,retweet_count,favorite_count,reply_count,quote_count,view_count,user_id,user_name,screen_name,user_desc,user_location,user_verified,is_blue_verified,followers_count,following_count,total_tweets_by_user,hashtags,urls,place
2001628639356711363,Thu Dec 18 12:20:30 +0000 2025,"திருப்பூர் மாவட்டம் இடுவாய் கிராமத்தில், பொதுமக்கள் விருப்பத்திற்கு எதிராக குப்பைக்கிடங்கு அமைக்கும் பணியை நிறுத்தக் கோரி, பொதுமக்களோடு இணைந்து ஆர்ப்பாட்டம் நடத்த, திமுக அரசு அனுமதி மறுத்ததோடு மட்டுமல்லாமல், @BJP4Tamilnadu திருப்பூர் வடக்கு மாவட்டத் தலைவர் திரு @Kcmb_srinivasan மற்றும் நான் உட்பட பாஜக தொண்டர்களைக் கைது செய்திருக்கிறது காவல்துறை.

நாட்டிலேயே, தூய்மையான பெருநகரங்களில், சென்னை, மதுரை, கோவை மற்றும் சிறு நகரங்களில் ஈரோடு, திருப்பூர் உள்ளிட்டவை கடைசி இடங்களில் இருக்கின்றன. கமிஷன் வாங்குவதற்காக மட்டுமே, திருப்பூர் மாநகரத்தையே குப்பைக்கிடங்காக்கி வைத்திருக்கிறது திருப்பூர் மாநகராட்சி. திருப்பூர் மாநகர திமுக மேயர், இதற்காக மட்டுமே பதவியில் இருக்கிறார். 

பொதுமக்கள் எத்தனை போராட்டம் நடத்தினாலும், திருப்பூருக்கான நிரந்தரத் தீர்வு, தேர்தலில் மக்கள் அளிக்கப் போகும் வாக்குகள்தான். வரும் தேர்தலில், இந்த மக்கள் விரோத திமுக அரசை வீட்டுக்கு அனுப்ப வேண்டும்.

ஜனநாயக முறைப்படி, இடுவாய் கிராம பொதுமக்கள் பிரச்சினைக்காகக் குரல் கொடுக்க அனுமதி தர மறுத்து, எங்களைக் கைது செய்து அடக்குமுறையைக் கையாளும் திமுக அரசும், காவல்துறையும், நாளை முதல் வேறு வேறு வடிவங்களில் பொதுமக்களின் போராட்டத்தைச் சந்திப்பார்கள் என்பதைக் கூறிக் கொள்கிறேன். 

திமுக அரசின் ஒடுக்குமுறைக்கும் கைது நடவடிக்கைகளுக்கும் என்றும் அஞ்சோம். இடுவாய் மக்களின் குரலாக எங்கள் குரல் என்றும் ஒலிக்கும். (1/2)",ta,False,False,331,702,22,3,5588,61121030,K.Annamalai,annamalai_k,அறம் செய்ய விரும்பு. BJP Karyakartha.,India,False,True,1007659,883,18062,[],[],N/A
2001562955176120490,Thu Dec 18 07:59:30 +0000 2025,Thank you Erode 🙏🏻 https://t.co/897ADrZtA4,en,False,False,20139,60378,2188,1051,832866,1156338067,Vijay,actorvijay,Official Page handled by Office of Actor Vijay,,False,True,5519898,1,433,[],[],N/A
2001507639835132078,Thu Dec 18 04:19:42 +0000 2025,"நடிகனுக்கு ஜால்ரா அடித்து வாங்கும் பதவி என் மயிருக்கு சமம்...
@annamalai_k
 தர்மம் காக்க...
 அதர்மம் அழிக்க...
@hindumunnani_tn @elangovan_HM @BJP4TamilNadu @amarprasadreddy https://t.co/nWT9jpTFFO",ta,False,False,286,1248,58,9,10958,1166196738,Kanal V Kannan,kannan_kanal,"Action Director, Actor & State President-Art and Literature Division , Hindu Munnani, Tamilnadu.","Chennai, India",False,True,35077,244,1852,[],[],N/A
2001464934690099643,Thu Dec 18 01:30:00 +0000 2025,"Hon'ble PM Thiru. @NarendraModi, Tamil Nadu is the backbone of India’s export economy. Punitive US tariffs are hitting this bedrock hard, disrupting production, orders and livelihoods across our industrial regions.

Urging immediate bilateral resolution to protect Tamil Nadu’s exporters and India’s global manufacturing strength.",en,False,False,2198,3083,327,260,71916,2163039523,M.K.Stalin - தமிழ்நாட்டை தலைகுனிய விடமாட்டேன்,mkstalin,Chief Minister of Tamil Nadu | President of the DMK | Belongs to the Dravidian stock,,False,True,4000735,91,11099,[],[],N/A
2001547505054761159,Thu Dec 18 06:58:06 +0000 2025,"நாம் தமிழர் பிள்ளைகள் சேலம் மாவட்டம் தரமான சம்பவம் 💥💥
 இது தற்குறி கூட்டம் அல்ல இது தத்துவ கூட்டம் https://t.co/6OuUXMn24Z",ta,False,False,415,1074,13,7,7179,1105332988223471616,ஆறுமுகம்,murugan86489868,private,chennai ,False,True,1993,2016,12502,[],[],N/A
2001617217671327792,Thu Dec 18 11:35:07 +0000 2025,"என் நெஞ்சில் குடியிருக்கும் உங்கள் அனைவருக்கும் என் அன்பான வணக்கம்.

எப்போதும், என் வாழ்வின் ஒவ்வொரு நிலையிலும் நீங்கள் உடன் வருகிறீர்கள். நீங்கள் காட்டும் எல்லையில்லா அன்பினாலும் ஆதரவினாலும் பெரும் உத்வேகம் அடைந்து வருகிறேன். இந்த உத்வேகமே எனக்கு எப்போதும் மிகப் பெரிய உந்துசக்தியாக இருக்கிறது. எத்தனை அரசியல் கட்சிகள், எத்தனை ஆண்டுக்காலம் நம்மை ஆண்டாலும், வறுமையின் பிடியில் சிக்கியுள்ள என் அன்புக்கு உரியவர்களாகிய உங்களுக்கு ஒரு விடிவு காலம் கண்டிப்பாக வரவேண்டும். ஏக்கத்திலேயே, கனவுகளிலேயே காலங்கள் கடந்து போய்விடக் கூடாது. எனவே தான், வளர்த்து ஆளாக்கிய உங்களோடு இணைந்து உங்களுக்காக உழைக்கவே நாம் நம் அரசியல் பயணத்தைத் தொடங்கினோம்.

அந்தப் பயணத்தில், உங்களைச் சந்திப்பதற்கு நாம் புறப்பட்டதில் இருந்தே எவ்வளவோ தடைகள் தொடர்ந்து நமக்கு வந்தவண்ணம் இருந்தன. அவற்றில் உங்களுக்குத் தெரிந்தவை பல. உங்களுக்குத் தெரியாதவை பல. ஆனால், அவற்றையெல்லாம் உங்களின் பேராதரவு மற்றும் தூய அன்பின் துணையோடு முறியடித்து வெற்றி அடைந்து வருகிறோம். உங்களுடனான சந்திப்பைத் தொடர்ந்து நிகழ்த்தி வருகிறோம்.

அந்த வகையில் இன்று மஞ்சள் மாநகரான ஈரோட்டில் நடைபெற்ற நமது சந்திப்பானது, வாழ்நாளில் இதுவரை இல்லாத வகையில் மிகுந்த மகிழ்ச்சியையும் நெகிழ்ச்சியையும் ஏற்படுத்தியது. இந்தச் சந்திப்பில், அளப்பரிய அன்பும் ஆதரவும் அளித்த, என் நெஞ்சில் குடியிருக்கும் உங்கள் அனைவருக்கும் எவ்வளவு நன்றி சொன்னாலும் போதாது.

இந்த நெகிழ்ச்சிமிகு சந்திப்பை, மிகப் பிரம்மாண்டமாகவும் மிகுந்த பாதுகாப்புடனும் மெச்சத் தகுந்த வகையிலும் ஏற்பாடு செய்திருந்த நம் கழகத்தின் நிர்வாகக் குழு ஒருங்கிணைப்பாளர் அண்ணன் திரு. கே.ஏ.செங்கோட்டையன் அவர்களுக்கும், அவருக்கு உறுதுணையாக இருந்த நம் கழகப் பொதுச் செயலாளர் திரு. ஆனந்த் அவர்களுக்கும், மாநில நிர்வாகிகளுக்கும், ஈரோடு மாநகர் மாவட்டக் கழகச் செயலாளர் திரு. M.பாலாஜி https://t.co/WA5qee6wqi, ஈரோடு கிழக்கு மாவட்டக் கழகச் செயலாளர் திரு. M.வெங்கடேஷ் B.E., MBA, ஈரோடு மேற்கு மாவட்டக் கழகச் செயலாளர் திரு. A.பிரதீப்குமார் DCE ஆகியோருக்கும் கழகத்தின் அனைத்து நிர்வாகிகளுக்கும், தன்னார்வலர்களுக்கும் போக்குவரத்து மற்றும் பாதுகாப்பு உள்ளிட்டவற்றைச் சிறப்பாக ஏற்பாடு செய்திருந்த காவல் துறைக்கும் எனது மனமார்ந்த நன்றியினைத் தெரிவித்துக்கொள்கிறேன்.

மீண்டும் சந்திப்போம்!
வெற்றி நிச்சயம்!",ta,False,,4456,11808,420,109,142875,1752702274466680832,TVK Vijay,TVKVijayHQ,"தலைவர், தமிழக வெற்றிக் கழகம்  - த.வெ.க |
President, Tamilaga Vettri Kazhagam - TVK",Tamilnadu,False,True,623279,1,237,[],['http://B.Com'],N/A
2001564672009621732,Thu Dec 18 08:06:19 +0000 2025,Someone is crying a lot today😅 https://t.co/DLXWGuJA0t,en,False,False,386,1311,66,52,38649,1290622571910590466,DMK Student Wing,dmk_studentwing,Official Page of DMK Student Wing | தி.மு.க மாணவர் அணி | #DravidianStock | #SocialJustice,Anna Arivalayam,False,True,6880,183,5788,[],[],N/A
2001493875828101184,Thu Dec 18 03:25:00 +0000 2025,"ஏழை எளிய மாணவர்களுக்கும் விஞ்ஞானபூர்வ கல்வி கிடைக்க புரட்சித்தலைவி அம்மா அவர்களால் கொண்டுவரப்பட்ட விலையில்லா மடிக்கணினி வழங்கும் திட்டத்தை,

கடந்த நான்கு ஆண்டுகாலமாக விடியா திமுக அரசு நிறுத்தியுள்ளது.
தேர்தல் நெருங்குவதால் கல்லூரி மாணவர்களுக்கு மட்டும் லேப்டாப் தருவதாக தற்போது அறிவித்துள்ளனர்.

நிச்சயமாக, மீண்டும் அஇஅதிமுக ஆட்சி மலர்ந்ததும் மாணவர்களுக்கு லேப்டாப் வழங்கும் திட்டம் தொடரும்.

மாண்புமிகு கழகப் பொதுச் செயலாளர் புரட்சித் தமிழர் @EPSTamilNadu அவர்கள்

#EPSfor2026
#WhereIsOurLaptop",ta,False,False,203,312,46,17,2724,923849866861715456,AIADMK IT WING - SayYesToWomenSafety&AIADMK,AIADMKITWINGOFL,Official Twitter page of AIADMK IT Wing. News and updates from AIADMK.,"Chennai, India",False,True,159570,40,22220,"['EPSfor2026', 'WhereIsOurLaptop']",[],N/A
2001557918521659855,Thu Dec 18 07:39:29 +0000 2025,"Vijay thanks people of Tamil Nadu in mega Erode rally
#Vijay #TamilNadu #Erode #News https://t.co/biI7Qnfbow",en,False,False,970,2868,14,3,23698,19897138,IndiaToday,IndiaToday,"Brings you news breaks: Exclusive political, entertainment, sports insight, unbiased-nonaligned. https://t.co/4QkZBcgPH5| https://t.co/pmDGIBbj9z",India,False,True,6008004,99,1430800,"['Vijay', 'TamilNadu', 'Erode', 'News']",[],N/A
2001334929561653302,Wed Dec 17 16:53:24 +0000 2025,"மாண்புமிகு கழகப் பொதுச்செயலாளர் புரட்சித்தமிழர் @EPSTamilNadu அவர்களின் ஆணைக்கிணங்க ,

11,12 ஆம் வகுப்பு மாணவர்களுக்கும்,
விடுபட்ட அனைத்து கல்லூரி மாணவர்களுக்கும் 
 மடிக்கணினி வழங்கக்கோரி @admkstudentwing  சார்பில் மாபெரும் கண்டன ஆர்பாட்டம் இன்று நடைபெற்றது.

#WhereIsOurLaptop https://t.co/4E1hYDqDfn",ta,False,False,352,576,33,25,3166,923849866861715456,AIADMK IT WING - SayYesToWomenSafety&AIADMK,AIADMKITWINGOFL,Official Twitter page of AIADMK IT Wing. News and updates from AIADMK.,"Chennai, India",False,True,159570,40,22220,['WhereIsOurLaptop'],[],N/A
2001267285739352481,Wed Dec 17 12:24:37 +0000 2025,"ஏழை எளிய மாணவர்களுக்கும் அறிவுப்பூர்வமான கல்வி கிடைப்பதை உறுதி செய்த திட்டம், மாண்புமிகு அம்மா அரசின் விலையில்லா மடிக்கணினி திட்டம்.

அரசுப்பள்ளிகள், அரசுக் கல்லூரிகளைச் சார்ந்த மாணவர்களின் Career Guide-ஆக, Life Shaping Device-ஆக, கல்விக்கான ஆயுதமாக இருந்த மடிக்கணினியை, மாண்புமிகு அம்மா அவர்கள் வழியில் தொடர்ந்து வழங்கி வந்தது எனது தலைமையிலான @AIADMKOfficial அரசு.

இந்த மடிக்கணினிகளால் பயனடைந்த இளைஞர்களை இன்றைய தினம் சந்தித்து, #PricelessScheme_AmmaLaptop தங்கள் வாழ்வில் ஏற்படுத்திய பெரும் மாற்றத்தினைக் கேட்டு அகமகிழ்ந்தேன்.

அதே சமயம், தற்போதைய அரசுப்பள்ளி மாணவர்களும், இன்றைய விடியா திமுக ஆட்சியில் லேப்டாப் கிடைக்காமல், விஞ்ஞானக் கல்வி கிடைப்பது தடைபட்டு, தாங்கள் வஞ்சிக்கப்படுவதை, தங்கள் உள்ளக் குமுறலை வெளிப்படுத்தினார்கள்.

ஸ்டாலின் மாடல் அரசு, நான்கரை ஆண்டுகளாக லேப்டாப் வழங்காமல், தற்போது தேர்தல் வரப்போகிறது எனத் தெரிந்ததும், ஒரு நாடகத்தை அரங்கேற்றத் தயாராகி விட்டார் இன்றைய பொம்மை முதலமைச்சர்.

அரைகுறை ஆயிரம் ரூபாய் போலவே, இதுவும், சம்மந்தமே இல்லாமல், கல்வி ஆண்டின் நடுவில், கடைசி ஆண்டு மாணவர்களுக்கு மட்டும் வழங்குவதன் காரணம் என்ன? ஏன் அரசுப்பள்ளி மாணவர்களுக்கு லேப்டாப் வழங்கவில்லை?

இன்றைய AI காலத்தில் வளர்ந்து வரும் தொழில்நுட்பத்திற்கு தகவமைத்துக் கொள்ளும் அளவிற்கு இவர்கள் தரும் லேப்டாப் இருக்கிறதா? என்றால் அதுவும் இல்லை.

பொம்மை முதல்வரைப் போன்றே பொம்மை லேப்டாப் கொடுத்து மாணவர்களை ஏமாற்றப் பார்க்கிறதா ஸ்டாலின் மாடல் அரசு?

Election Eyewash-க்காக லேப்டாப் கொடுப்பது போல Drama நடத்தும் உங்களுக்கும்,
Education Elevation-க்காக தொடர்ந்து லேப்டாப் கொடுத்த எங்களுக்கும் நிறைய வித்தியாசம் இருக்கிறது திரு. @mkstalin அவர்களே!

#WhereIsOurLaptop என்று நான் கேட்கவில்லை; உங்களால் நான்கரை ஆண்டுகாலமாக வஞ்சிக்கப்பட்ட அரசுப்பள்ளி மாணவர்கள் கேட்கிறார்கள். 

உரிய , முறையான பதில் வருமா 
திரு. ஸ்டாலின் அவர்களே?",ta,False,False,623,1041,192,58,14384,973935385557413889,Edappadi K Palaniswami-SayYEStoWomenSafety&AIADMK,EPSTamilNadu,Leader of Opposition - Tamilnadu Legislative Assembly | General Secretary - AIADMK | Former Chief Minister - Tamilnadu,"Tamil Nadu, India",False,True,662219,2,3845,"['PricelessScheme_AmmaLaptop', 'WhereIsOurLaptop']",[],N/A
2001299164282372556,Wed Dec 17 14:31:17 +0000 2025,"ஆக மொத்தத்துல யார் பொது கூட்டம் நடத்தினாலும் அது அரசியல் கூட்டம் 

தவெக பொது கூட்டம் நடத்தினால் அது குடும்ப நிகழ்வு மாதிரி ஆயிடுது👌🏻👌🏻👌🏻 https://t.co/onaYHpBa75",ta,False,False,1320,5797,17,13,32521,875024842814242816,TVK WORLD,TVK_WORLD,#தமிழகவெற்றிக்கழகம்  maintaining by @official_Tvmp Team | Admin - @IM_Back2026,India,False,True,71945,8,7362,[],[],N/A
2001523656795787557,Thu Dec 18 05:23:20 +0000 2025,"இது வெறும் தவெக அருனுக்கு மட்டமான மெசேஜ் இல்ல சுயநலம் பிடித்த திராவிட பாஜகவுக்கும், டயர் திராவிடியாக்களுக்கும் சேர்த்து தான் இந்த மெசேஜ் 🔥🔥🔥

@annamalai_k #Annamalai 🧡 https://t.co/iQsHFbP7QD",ta,False,False,104,387,5,1,2602,90805156,Johny Bhai(அண்ணாமலையின் வார் ரூம்)🇮🇳,Johni_raja,"Follower of Guru NAMO Ji,Proud Hindu, Ayyappa Swamy Devotee,Extreme Patriot,Proud Member Of RSS,Def Enthusiast,Anti DMK","தொண்டை நாடு/வேலூர், Las Vegas ",False,True,31558,4442,243884,['Annamalai'],[],N/A
2001548466389160489,Thu Dec 18 07:01:56 +0000 2025,"ஈரோடு தவெக பொதுக்கூட்டத்துக்கு காந்தி வேடத்தில் வந்த நபர்

#TVKVijay #Erode #TVK https://t.co/4XXFi8SvCR",ta,False,False,1057,3896,22,15,32549,23763445,BBC News Tamil,bbctamil,"பிபிசி உலக சேவையின் தமிழ்ப்பிரிவே பிபிசி தமிழ். இது, பிபிசிக்காக கலெக்டிவ் நியூஸ்ரூம் வெளியீடு",India,False,True,1110218,0,107375,"['TVKVijay', 'Erode', 'TVK']",[],N/A
2001580141345202276,Thu Dec 18 09:07:47 +0000 2025,"தற்குறிகளுக்கு மட்டுமே எளிய மக்களின் வெற்றி டிராமாவா தெரியும்! 🤦‍♂️

#DMK4TN https://t.co/CpnWYpozKG",ta,False,False,265,539,4,5,4243,2898216534,#DMK4TN,DMK4TN,திமுக ஓர் அரசியல் இயக்கம் மட்டுமல்ல; திராவிட கொள்கைகளுக்காக - தமிழக மக்களுக்காக போராடும் இயக்கம்!,,False,True,110971,312,38451,['DMK4TN'],[],N/A
2001609952620937530,Thu Dec 18 11:06:15 +0000 2025,"இன்று திருப்பூர் மாவட்டம் இடுவாய் மக்களுக்காக போராடிய @annamalai_k அண்ணா அவர்களை கைது செய்துள்ளது விடியா திமுக அரசு🤬

#Annamalai |#DMKFailsTN |#NoVoteToEDMK https://t.co/Zgp2pwxRB3",ta,False,False,83,176,3,1,2201,1677921058073247744,நாட்டாமை ⚖️(WarRoom Commander 😎 ),Agmarksanghi,"Annamalai Anna Fan Boy 🦁| Bike Rider 🏍️ |

Social Media Reporter 🧑‍🎤 |

Always Happy Person 🤸🤸‍♂️","Tamilnadu, INDIA🇮🇳",False,True,11779,1547,221146,"['Annamalai', 'DMKFailsTN', 'NoVoteToEDMK']",[],N/A
2001635519319744869,Thu Dec 18 12:47:51 +0000 2025,#Live அனைத்திந்திய அண்ணா திராவிட முன்னேற்றக் கழகத்தின் சார்பில் கிறிஸ்துமஸ் பெருவிழா https://t.co/5JZxJpDxcF,ta,False,False,34,57,3,3,536,2330285072,AIADMK - SayYesToWomenSafety&AIADMK,AIADMKOfficial,Official Twitter page of AIADMK,Tamilnadu,False,True,510690,1,12724,['Live'],['https://x.com/i/broadcasts/1nAKEEzmnkkKL'],N/A
2001616188921778318,Thu Dec 18 11:31:02 +0000 2025,"மங்கலம் பொங்கும் மஞ்சள் மாநகரான ஈரோட்டில், நம் வெற்றித் தலைவர் அவர்கள்... https://t.co/DIid6UQho1",ta,False,False,969,3001,17,5,20001,1754106652066979840,TVK Party HQ,TVKPartyHQ,"தமிழக வெற்றிக் கழகம் - அதிகாரப்பூர்வ அறிவிப்புகள்

Tamilaga Vettri Kazhagam - Official Announcements",,False,True,56191,3,409,[],[],N/A
2001588742793171050,Thu Dec 18 09:41:58 +0000 2025,"தி.மு.க.வை அழித்துவிடுவேன் என வந்தவர்கள் அழிந்து போயிருக்கிறார்களே தவிர தி.மு.க இன்னும் அதே கொள்கை உரத்தோடு, வலுவோடு தான் இருக்கிறது; என்றும் இருக்கும்! 💥

#DMK4TN https://t.co/soUj6regyX",ta,False,False,146,314,12,7,3554,2898216534,#DMK4TN,DMK4TN,திமுக ஓர் அரசியல் இயக்கம் மட்டுமல்ல; திராவிட கொள்கைகளுக்காக - தமிழக மக்களுக்காக போராடும் இயக்கம்!,,False,True,110971,312,38451,['DMK4TN'],[],N/A
2001477190156980643,Thu Dec 18 02:18:42 +0000 2025,"தமிழகத்தில் கிட்டத்தட்ட ஆண்டுதோறும் 3,70,000 அரசு பள்ளி மாணவர்கள் பன்னிரண்டாம் வகுப்பு படிக்கின்றனர். ஆனால், அதில் வெறும் சொற்ப எண்ணிக்கையில் தான் மருத்துவ படிப்புக்கு தேர்வாகின்றனர்.

இந்நிலையை போக்க வேண்டும் என்பதற்காக எந்த எதிர்க்கட்சிகளும் கோரிக்கை வைக்காமல், அரசு பள்ளி மாணவர்களுக்கு மருத்துவ படிப்பில் 7.5% உள் இட ஒதுக்கீடு பல்வேறு சட்டப் போராட்டங்களை தாண்டி நிறைவேற்றி காட்டி சாதனை படைத்தது அம்மாவின் அரசு. இதன் மூலம் ஆண்டுக்கு சராசரியாக 600 அரசு பள்ளி மாணவர்கள் மருத்துவ படிப்புக்கு தேர்வாகின்றனர்.

மாண்புமிகு கழகப் பொதுச் செயலாளர், புரட்சித் தமிழர்,
@EPSTamilNadu அவர்கள்.

#EPSfor2026
#WhereIsOurLaptop",ta,False,False,303,576,39,25,5106,923849866861715456,AIADMK IT WING - SayYesToWomenSafety&AIADMK,AIADMKITWINGOFL,Official Twitter page of AIADMK IT Wing. News and updates from AIADMK.,"Chennai, India",False,True,159570,40,22220,"['EPSfor2026', 'WhereIsOurLaptop']",[],N/A
2001309124022370353,Wed Dec 17 15:10:52 +0000 2025,"I am a Hindu and I do not support DMK. 

Repost if you agree !!! https://t.co/6Bj9CWEPdF",en,False,False,2300,4473,130,37,31795,1260886399089336322,Hinduism_and_Science,Hinduism_sci,प्रज्ञानम् ब्रह्म Turn on notifications 🔔 must | Contact ✉️ - Hinduismandscience1008@gmail.com,India,False,True,131989,1428,9174,[],[],N/A
2001565590989971725,Thu Dec 18 08:09:58 +0000 2025,"அசிங்கமா பேசுற அரசியல் நல்லாவே வரும்! - நடிகர் விஜய்  |
#TVKMeeting #vijayspeech #tnpolitics #erode #vijay #tvkfails #Saattai #tvktroll https://t.co/BzQjmrlCSe",ta,False,False,452,1253,75,10,21852,1039199571988033536,Saattai,SaattaiOnline,சாட்டை - அநீதிகளுக்கு எதிராக சுழற்றுவோம்,,False,False,54798,2,7957,"['TVKMeeting', 'vijayspeech', 'tnpolitics', 'erode', 'vijay', 'tvkfails', 'Saattai', 'tvktroll']",[],N/A
2001553951532159336,Thu Dec 18 07:23:43 +0000 2025,"Vijay’s Erode Rally

Wherever I go in Tamil Nadu, I focus on local issues... I am not against subsidies, but one must understand that nothing comes for free...: TVK chief @actorvijay  (translated by @dharannniii) https://t.co/VSfZsZ09Xe",en,False,False,599,1751,6,4,25746,240649814,TIMES NOW,TimesNow,Breaking news. Bold debates. Unmatched speed. | #TimesNow,India,False,True,9643618,373,1323254,[],[],N/A
2001577363243663515,Thu Dec 18 08:56:45 +0000 2025,"கொளத்தூர் தொகுதி மக்கள் குறைந்த கட்டணத்தில் தங்களது இல்லத் திருமண நிகழ்வுகளை நடத்திக்கொள்ள, அனைத்து வசதிகளும் கொண்ட 'பேரறிஞர் அண்ணா திருமண மாளிகை'யைத் திறந்து வைத்து, 15 இணைகளுக்குத் திருமணம் நடத்தியும் வைத்தேன்!

மேலும், GKM காலனியில் புதிய #ModelSchool கட்டுவதற்கும், பெரியார் நகரில் #அமுதம் அங்காடி கட்டுவதற்கும் அடிக்கல் நாட்டினேன்.

உயர்தர மருத்துவமனை, பூங்கா, #முதல்வர்_படைப்பகம், நூலகம், விளையாட்டு அரங்கங்கள், தரமான மாநகராட்சிப் பள்ளிகள் என அனைத்திலும் BEST-ஆகக் கொளத்தூரை உயர்த்தி இருக்கிறோம்! 234 தொகுதிகளையும் இதேபோல உயர்த்திட உழைத்து வருகிறோம்!

#KolathurVisit",ta,False,False,422,777,37,8,9147,2163039523,M.K.Stalin - தமிழ்நாட்டை தலைகுனிய விடமாட்டேன்,mkstalin,Chief Minister of Tamil Nadu | President of the DMK | Belongs to the Dravidian stock,,False,True,4000735,91,11099,"['ModelSchool', 'அமுதம்', 'முதல்வர்_படைப்பகம்', 'KolathurVisit']",[],N/A
2000806678468657278,Tue Dec 16 05:54:19 +0000 2025,"திராவிட மாடல் ஆட்சியில் நாட்டின் மொத்த உள் மாநில உற்பத்தியில் பெரிய வளர்ச்சிக் கண்டு தனித்துவமாக உயர்ந்து நிற்கிறது தமிழ்நாடு!🌄📈

#RisingTamilNadu https://t.co/YFNuMWRR8o",ta,False,False,460,772,48,76,9285,960781239144730624,DMK IT WING,DMKITwing,Official Information and Technology Wing of Dravida Munnetra Kazhagam - #DMK 🌄 #SocialJustice & #SelfRespect | FOLLOW 👉 https://t.co/VQVqPrYAV5,"Tamilnadu, India",False,True,330127,70,61410,['RisingTamilNadu'],[],N/A
2001565085018526080,Thu Dec 18 08:07:58 +0000 2025,மக்களே அண்ணன் உங்களை மட்டும் தான் நம்பி வந்திருக்காரு❤️🙏🏻 #thalapathyvijay #tvkvijay #tvk #viral https://t.co/jhsgf0Jx0A,ta,False,False,763,2790,14,7,24572,1777575417362165760,Thalapathyin Thozhargal,Thalapathyhq,"தளபதியின் தோழர்கள் அதிகாரப்பூர்வமான கணக்கு | Official Account of TT - Thalapathyin Thozhargal | 

Youtube Link :",Thalapathy NenjilKudiyirukkom,False,True,1889,20,835,"['thalapathyvijay', 'tvkvijay', 'tvk', 'viral']",[],N/A
2001242639669371275,Wed Dec 17 10:46:41 +0000 2025,"President Droupadi Murmu performed darshan and aarti at the Golden Temple, Sripuram, Vellore, Tamil Nadu. She prayed to Goddess Lakshmi for peace, prosperity and happiness of all. https://t.co/1kOHDCdJ6R",en,False,False,892,7327,90,11,75000,885487044243238912,President of India,rashtrapatibhvn,"Official Twitter account of Rashtrapati Bhavan and is run by the President’s Secretariat | Smt Droupadi Murmu, President of India.","New Delhi, India",False,True,27790685,2,17154,[],[],N/A
2001609099323281553,Thu Dec 18 11:02:52 +0000 2025,இடுவாய் மக்களுக்காக போராடிய தலைவர் @annamalai_k அவர்களை கைது செய்துள்ளது இந்த கையாலாகாத திமுக அரசு. https://t.co/gktsXcgU5v,ta,False,False,215,482,9,5,7148,1305370130344341504,Krishna Kumar Murugan,ikkmurugan,"Social, Political & Economics Observer | Believe in Dharma and Karma | Modi | Views Personal",,False,True,71641,694,25177,[],[],N/A
2001117520431046925,Wed Dec 17 02:29:30 +0000 2025,"ஒவ்வொரு சராசரி அரசுப்பள்ளி மாணவனின் கல்விக்கு உறுதுணையாக நின்றது மாண்புமிகு அம்மாவின் அரசு வழங்கிய விலையில்லா மடிக்கணினி.

மாண்புமிகு அம்மா அவர்கள் வழியில், மாண்புமிகு புரட்சித் தமிழர் @EPSTamilNadu அவர்கள் அரசு பள்ளிக் கல்லூரி மாணவர்கள் அனைவருக்கும் லேப்டாப் சென்று சேர்வதை உறுதி செய்தார்கள். 

ஆனால், இன்றைய விடியா ஸ்டாலின் மாடல் அரசு, நான்கரை ஆண்டுகளாக #WhereIsOurLaptop என மாணவர்களை கேட்க வைத்து, அவர்களை வஞ்சித்து, இப்போது தேர்தல் ஆதாயத்திற்காக லேப்டாப் கொடுப்பது போல நாடகம் ஒன்றை அரங்கேற்ற உள்ளனர்.

ஆனால், தேர்தலுக்காக அல்லாமல், உள்ளார்ந்த அன்போடு @AIADMKOfficial அரசு தந்த
#PricelessScheme_AmmaLaptop
என்றும் இளைஞர்கள் வாழ்வில் ஒரு அங்கமாக இருக்கும்!",ta,False,False,471,764,93,51,6171,923849866861715456,AIADMK IT WING - SayYesToWomenSafety&AIADMK,AIADMKITWINGOFL,Official Twitter page of AIADMK IT Wing. News and updates from AIADMK.,"Chennai, India",False,True,159570,40,22220,"['WhereIsOurLaptop', 'PricelessScheme_AmmaLaptop']",[],N/A
2001261656773656696,Wed Dec 17 12:02:15 +0000 2025,"#ClimateChange: Policy, Action – இரண்டிலும் நாட்டுக்கு வழிகாட்டும் தமிழ்நாடு!

துறையின் பெயரிலேயே காலநிலை மாற்றத்தைச் சேர்த்தது தொடங்கி, முன்னெப்போதும் இல்லாத அளவில் 500 கோடி ரூபாயை ஒதுக்கிப் பல இயக்கங்களைச் செயல்படுத்துவது வரை #DravidianModel அரசின் #ClimateChange செயல்பாடுகள்தான் இந்தியாவுக்கு Blueprint! 

2070-க்கு முன்னரே #NetZeroEmission இலக்கை அடைய வேண்டும் என அனைத்து நிலைகளிலும் உழைத்து வருகிறோம்! அதனால்தான் ஐ.நா.வே நம்மைப் பாராட்டியுள்ளது! இது ஒரு நீண்டகாலப் பயணம் என்றபோதிலும், நமது முயற்சிகளின் விளைவாகப் பல உடனடிப் பயன்கள் மூன்றாண்டுகளாகக் கிடைத்து வருகின்றன.

எதிர்காலச் சந்ததியினர் வாழப் பாதுகாப்பான சூழலை உறுதிசெய்ய, தமிழ்நாடு காலநிலை மாற்ற ஆட்சி மன்றக் குழுவின் பரிந்துரைகளைத் தொடர்ந்து செயல்படுத்துவதில் நமது அரசு உறுதியாக உள்ளது!
@TThenarasu @SupriyaSahuIAS

#TamilNaduGoverningCouncilonClimateChange",ta,False,False,915,1873,116,23,23044,2163039523,M.K.Stalin - தமிழ்நாட்டை தலைகுனிய விடமாட்டேன்,mkstalin,Chief Minister of Tamil Nadu | President of the DMK | Belongs to the Dravidian stock,,False,True,4000735,91,11099,"['ClimateChange', 'DravidianModel', 'ClimateChange', 'NetZeroEmission', 'TamilNaduGoverningCouncilonClimateChange']",[],N/A
2001624781112971704,Thu Dec 18 12:05:10 +0000 2025,"மாண்புமிகு கழகப் பொதுச்செயலாளர் புரட்சித் தமிழர் திரு. @EPSTamilNadu அவர்களை 

மாண்புமிகு இலங்கை துணை அமைச்சர் திரு. சுந்தரலிங்கம் பிரதீப் அவர்களும், சென்னையில் உள்ள இலங்கை துணை தூதரக அதிகாரி முனைவர் கணேசநாதன் கேதீஸ்வரன் அவர்களும், மரியாதை நிமித்தமாக நேரில் சந்தித்தனர். https://t.co/xRjlX2GLBJ",ta,False,False,69,168,2,3,1429,2330285072,AIADMK - SayYesToWomenSafety&AIADMK,AIADMKOfficial,Official Twitter page of AIADMK,Tamilnadu,False,True,510690,1,12724,[],[],N/A
2001626380556206582,Thu Dec 18 12:11:32 +0000 2025,"திமுகவின் ஆட்சி அவலங்களை மக்களிடம் கொண்டு சென்று போராடிய மக்கள் தலைவர் அண்ணாமலையார் பாசிச தி.மு.க அரசால் கைது செய்யப்பட்டு இருக்கிறார் 😡😡😡

அண்ணாமலையார் என்ற நெருப்பில் 🔥 திமுக பொசங்கு போவது நிச்சயம் 😡😡😡

@annamalai_k #Annamalai https://t.co/gvYk860zrA",ta,False,False,26,62,2,2,991,90805156,Johny Bhai(அண்ணாமலையின் வார் ரூம்)🇮🇳,Johni_raja,"Follower of Guru NAMO Ji,Proud Hindu, Ayyappa Swamy Devotee,Extreme Patriot,Proud Member Of RSS,Def Enthusiast,Anti DMK","தொண்டை நாடு/வேலூர், Las Vegas ",False,True,31558,4442,243884,['Annamalai'],[],N/A
2001567223291482619,Thu Dec 18 08:16:28 +0000 2025,"திமுக ஒரு தீய சக்தி 

- தலைவர் 

#தீயசக்தி_திமுக https://t.co/OEjn1h1WOp",ta,False,False,1747,4865,56,30,26280,2703383215,CTR.Nirmalkumar,CTR_Nirmalkumar,"C.T.R.Nirmal Kumar BE, LL.B, MA | இணைப் பொதுச் செயலாளர், தமிழக வெற்றிக் கழகம் । Joint General Secretary, Tamilaga Vettri Kazhagam",Chennai,False,True,154721,967,20329,['தீயசக்தி_திமுக'],[],N/A
2001583811898093949,Thu Dec 18 09:22:23 +0000 2025,"தமிழ்நாடு அரசுக்கு சொந்தமான பேருந்துகளில் 🚌 தமிழ்நாடு என்ற பெயர் கொண்ட Sticker ஒட்டியதற்காக நாம் தமிழர் கட்சியினரை காவல்துறை கைது செய்துள்ளது😡

அந்தப் பேருந்துகள் எல்லாம் தமிழ்நாடு அரசுக்கு சொந்தமானது தானே ஸ்டாலின் அப்பன் வீட்டு சொத்து இல்லையே பிறகு ஏன் கைது செய்ய வேண்டும் 🤬 https://t.co/6JV2hOMjff",ta,False,False,202,424,5,0,2217,1219465246911291392,ஐ வலையொளி🐦 மகிழன்,I_Magizhan_21,"தமிழன் || BooK ReadeR || ஆய்வாளன்  || youtuber ||
நெற்றிக்கண்||
ஐ வலையொளி ||

தமிழரின் தாகம் தமிழ் தேசிய தாயகம்",,False,False,48475,638,11666,[],[],N/A
2001505578737381703,Thu Dec 18 04:11:30 +0000 2025,"நூறுநாள் வேலை பார்ப்பவர்கள் கைரேகை பதிவது கட்டாயம்.

ஆனால் பேரழிவை உருவாக்கும் தோரியம் உள்ளிட்ட கனிமங்களை கையாள கார்ப்பரேட்டுகளுக்கு கட்டற்ற சுதந்திரம்.

இரட்டை துயரங்களை இந்திய மக்களின் மீது பாஜக அரசு சுமத்தியுள்ளது.

- மக்களவை விவாதத்தில்

#GraminVBGRAMG
#CorporateLiberty 
#கார்பரேட்சுதந்திரம்
#Parliament
#நாடாளுமன்றம்",ta,False,False,207,475,16,3,5918,1108944147589656579,Su Venkatesan MP,SuVe4Madurai,Member of Parliament (Madurai Constituency). State secretiate Member @TNCPIM. மதிப்புறு தலைவர் @தமுஎகச,"Madurai South, India",False,True,207067,70,6929,"['GraminVBGRAMG', 'CorporateLiberty', 'கார்பரேட்சுதந்திரம்', 'Parliament', 'நாடாளுமன்றம்']",[],N/A
2001592944244199512,Thu Dec 18 09:58:40 +0000 2025,"எவன் என்ன எழுதி கொடுத்தாலும் படிப்பியாடா தற்குறி 

உண்மையிலேயே பெண்கள் பாதுகாப்பா இருக்க மாநிலம் தமிழ்நாடு உண்மையான புள்ளிவிவரம் சொல்லுது இதோ 👇👇 https://t.co/5OYqVGR6CX",ta,False,False,188,386,8,3,4027,244059328,மெட்ராஸ் பையன்,madraspaiyan_,என்றும் ஒரே தல அஜித் 🔥,"Tamil Nadu,",False,True,19549,1514,97732,[],[],N/A
2001568103218713074,Thu Dec 18 08:19:57 +0000 2025,"வீசுற புயலுக்கு வேலி போட முடியாது...🔥

தளபதி ஜெயிக்கிறதை எவராலும் தடுக்க முடியாது...💪🏻

2026- இல் கோட்டையில் சந்திப்போம். நன்றி!!

#TVK | #TVKVijay | #VijaySpeech | #VijayInErode | #TVKInErode | #Erode | #VijayMeeting | #TVKMeeting | #தவெக | #தமிழகவெற்றிக்கழகம் | https://t.co/NKo8dixHJu",ta,False,False,588,1674,28,3,10822,273503438,Arunraaj TVK,arunraajkg,"Doctor, Ex IRS; Humanist.கொள்கை பரப்புப் பொதுச் செயலாளர்- தமிழக வெற்றிக் கழகம். Let's not forget that our potential is infinite.",Chennai,False,True,19082,534,2170,"['TVK', 'TVKVijay', 'VijaySpeech', 'VijayInErode', 'TVKInErode', 'Erode', 'VijayMeeting', 'TVKMeeting', 'தவெக', 'தமிழகவெற்றிக்கழகம்']",[],N/A
2001517657506680863,Thu Dec 18 04:59:30 +0000 2025,"கழகத் தலைவர்-மாண்புமிகு தமிழ்நாடு முதலமைச்சர் @mkstalin அவர்களின் வழிகாட்டுதலில், தலைமைக் கழகத்தின் ஒப்புதலுடன், @dmk_youthwing நிர்வாகிகளுக்கு, சமூக வலைதளப் பயிற்சியளிக்கவும், அவர்களின் சமூக வலைதளம் சார்ந்த பணிகளை ஒருங்கிணைக்கவும், கழக மாவட்டத்துக்கு ஒரு துணை அமைப்பாளரைத் தேர்வுசெய்து வருகிறோம்.

இதற்கென பெறப்பட்ட விண்ணப்பங்களைப் பரிசீலனை செய்து, அதில் தேர்வானவர்களை நேரில் அழைத்து, அவர்கள் ஆற்றிய களப்பணி மற்றும் சமூக வலைதளப் பணிகளை ஆய்வு செய்தோம்.

இந்த நேர்காணல் அடிப்படையிலும், மாவட்டக் கழகச் செயலாளர்களின் பரிந்துரையின் பேரிலும், இளைஞர் அணி மண்டலம்-1-க்கு உட்பட்ட 6 கழக மாவட்டங்களுக்கு, சமூக வலைதள துணை அமைப்பாளர்கள் நியமிக்கப்பட்டுள்ளனர்.

இளைஞர் அணியின் சமூக வலைதள பணிகளை ஒருங்கிணைப்பதற்கென புதிதாக நியமிக்கப்பட துணை  அமைப்பாளர்களின் கழகப் பணி சிறக்க, என் அன்பும் வாழ்த்தும்!

#கழக_இளைஞர்_அணி @Joel_Dmk  @PrabhakarRaja88 @JJEbenezer1 @Prakashbalara01 @raja_anbazhagan @rdmadhankumar  @VanavilVijay",ta,False,False,324,480,70,6,8157,234034661,Udhay - தமிழ்நாட்டை தலைகுனிய விடமாட்டேன்,Udhaystalin,"DMK Youth Wing Secretary | Deputy Chief Minister, Government of Tamil Nadu | MLA, Chepauk - Thiruvallikeni Constituency",,False,True,3616551,615,27529,['கழக_இளைஞர்_அணி'],[],N/A
2001114310236627190,Wed Dec 17 02:16:45 +0000 2025,"அண்ணாமலையார் வெறும் தலைவர் மட்டுமல்ல அவர் தான் எங்களின் பிராண்ட் 🔥🔥🔥

@annamalai_k #Annamalai https://t.co/Xf4KR5fk5J",ta,False,False,164,660,11,5,9835,90805156,Johny Bhai(அண்ணாமலையின் வார் ரூம்)🇮🇳,Johni_raja,"Follower of Guru NAMO Ji,Proud Hindu, Ayyappa Swamy Devotee,Extreme Patriot,Proud Member Of RSS,Def Enthusiast,Anti DMK","தொண்டை நாடு/வேலூர், Las Vegas ",False,True,31558,4442,243884,['Annamalai'],[],N/A
2001574850033520745,Thu Dec 18 08:46:46 +0000 2025,"""வேண்டாம்.. வேண்டாம்.. ஓசி பஸ் வேண்டாம்""னு சொன்னது தவெக தற்குறிங்க😂😂😂

அப்போ தற்குறி விஜய் யாரை திட்டிருக்கான்??🤔🤔🤔

தன்னோடா நண்பா நண்பி தற்குறிகளதான்👌👏🏻👏🏻👏🏻

நீங்களே பாருங்களேன்🙏🙏🙏",ta,False,False,217,504,14,9,7250,3032189814,Surya Born To Win,Surya_BornToWin,Mechanical Engineer | Dravidian Stock | Atheist | Rationalist | Anti-Religion | Anti-Caste | பிறப்பொக்கும் எல்லா உயிர்க்கும் | Tweets are My Personal Views |,"Chennai,TamilNadu,Indian Union",False,True,76966,565,163420,[],[],N/A
2001577568777199703,Thu Dec 18 08:57:34 +0000 2025,"சேலத்தில நாம் தமிழர் கட்சி சார்பாக தொடங்கியது புரட்சி 🔥😎💪

#தமிழ்நாடு வாழ்க💥💥 https://t.co/PPwPo1bAZu",ta,False,False,350,915,3,7,4512,1463927493153333251,plip plip 2.0,samooganidhi,"Political Meme page -  Fun Guarantee 💯

                        Follow for more !","Tamil Nadu, India",False,False,22932,553,57160,['தமிழ்நாடு'],[],N/A
2001542348006940804,Thu Dec 18 06:37:37 +0000 2025,"2026-தேர்தலில் மக்கள் முன் இருக்கும் வாய்ப்பு 👇

@mkstalin #Youth4DMK2026",ta,False,False,121,200,10,5,1363,1157307407384473600,DMK Youth Wing,dmk_youthwing,"The Official DMK Youth Wing, Twitter Account | தி.மு.க. இளைஞர் அணி","Teynampet, Chennai",False,True,174214,211,14700,['Youth4DMK2026'],[],N/A
2001547603251732533,Thu Dec 18 06:58:30 +0000 2025,"ஐயய்யோ ஐயய்யோ மறந்துபோச்சே… மறந்துபோச்சே…  இப்ப நான் என்ன பண்ணுவேன்..  எங்கடா அது? 🤣🤣

இந்த மாதிரி.. இந்த மாதிரி.. இந்த மாதிரி..😂😂

எந்த மாதிரி @actorvijay ? ஒழுங்கா மனப்பாடம் பண்ணக் கூட வக்கில்லாம இங்க வந்து உருளுறது 🤛🏻🤛🏻 @TVKVijayHQ 

#TVK #Erode https://t.co/XQ2cM1zIJr",ta,False,False,440,1182,21,21,25881,348946521,பரம்பொருள்,paramporul,| Belongs to Dravidian Stock | Cathy's Father | #இசைச்சாமி |,"5 விவேகானந்தர் தெரு, துபாய்",False,True,61917,997,253367,"['TVK', 'Erode']",[],N/A
2001608309758136680,Thu Dec 18 10:59:43 +0000 2025,பெரியார் மண்ணில் கடலெனத் திரண்ட மக்களிடையே நம் வெற்றித் தலைவர்! https://t.co/UkJhdU2rqX,ta,False,False,873,2170,11,4,16386,1895335787085897728,TVK IT Wing Official,TVKHQITWingOffl,"தமிழக வெற்றிக் கழகம் - தகவல் தொழில்நுட்ப அணியின் அதிகாரப்பூர்வ பக்கம்
https://t.co/vp0CywhhYL",,False,True,34764,3,998,[],[],N/A
2000907650662539634,Tue Dec 16 12:35:33 +0000 2025,"திருவள்ளூர் மாவட்டம் கொண்டாபுரம் அரசு உயர்நிலைப்பள்ளியில், மதிய உணவு சாப்பிட்டுக் கொண்டிருந்த போது கைப்பிடி சுவர் இடிந்து விழுந்ததில் 7-ம் வகுப்பு படிக்கும் மோகித் என்ற மாணவன் உடல் நசுங்கி உயிரிழந்ததாக வரும் செய்தி மிகுந்த அதிர்ச்சியும் வேதனையும் அளிக்கிறது.

உயிரிழந்த மாணவனின் பெற்றோருக்கு எனது ஆழ்ந்த இரங்கலையும் வருத்தங்களையும் தெரிவித்துக்கொள்கிறேன்.

""கல்வியிற் சிறந்த தமிழ்நாடு"" என்று சினிமா மேடை போல ஒரு மேடை அமைத்து, தனக்கு தானே ஒரு வெற்றுப் பாராட்டு விழா நடத்திய செலவில், அரசுப்பள்ளிகளின் கட்டுமானங்களைப் பராமரிப்பதில் செலவிட்டு இருந்தால், இன்றைக்கு இந்த பரிதாப உயிரிழப்பை நிச்சயம் தவிர்த்திருக்கலாம்.

பள்ளிக் கல்வித் துறையின் அமைச்சராக இருப்பவரோ, இன்னும் ரசிகர் மன்றத் தலைவர் மனநிலையில் இருந்து வெளிவராமல், உதயநிதி பிறந்தநாளைக் கொண்டாடுவதில் செலவிடும் நேரத்தை, தன் துறை சார்ந்த பணிகளில் என்றைக்காவது செலவிட்டு இருக்கிறாரா?

பாழடைந்த அரசுப்பள்ளிக் கட்டுமானங்களால், மாணவர்கள் உயிரோடு விளையாடிக் கொண்டிருக்கும் ஸ்டாலின் மாடல் திமுக அரசுக்கு எனது கடும் கண்டனம்.

உயிரிழந்த மாணவர் மோகித்தின் குடும்பத்தாருக்கு உரிய நிவாரணத்தை உடனடியாக வழங்குவதுடன், அரசுப்பள்ளிகளின் கட்டுமானத்தை போர்க்கால அடிப்படையில் சீர்செய்யுமாறு பொம்மை முதல்வர் @mkstalin-ன் விடியா திமுக அரசை வலியுறுத்துகிறேன்.
@AIADMKOfficial",ta,False,False,975,1552,389,91,21791,973935385557413889,Edappadi K Palaniswami-SayYEStoWomenSafety&AIADMK,EPSTamilNadu,Leader of Opposition - Tamilnadu Legislative Assembly | General Secretary - AIADMK | Former Chief Minister - Tamilnadu,"Tamil Nadu, India",False,True,662219,2,3845,[],[],N/A
2000964760574255226,Tue Dec 16 16:22:29 +0000 2025,"Tamil Nadu Waqf Board claims
'Deepam Pillar belongs to Dargah'

The deepam used to be lit 1000's of years before Islam was born but Secular India will tolerate this farce too.
 https://t.co/uSZfgdPbUd",en,False,False,4163,11509,142,47,75204,1441683373840224264,Kashmiri Hindu,BattaKashmiri,"नमस्ते शारदे देवि काश्मीरपुरवासिनि।
त्वामहं प्रार्थये नित्यं विद्यादानं देहि।।

I shall return to my motherland even if it takes a thousand lifetimes....",In Exile,False,True,232936,1242,62629,[],[],N/A
2001548281546182718,Thu Dec 18 07:01:11 +0000 2025,"Here’s Thalapathy Vijay full speech in Erode 🔥

 https://t.co/rsn2tKyUPv",en,False,False,2430,5994,30,71,82939,730088562,Vijay Fans Trends,VijayFansTrends,"The Official Trends Page for Thalapathy @actorvijay - @tvkvijayhq , Backup Account @VijayTrendsPage",India,False,True,494586,2,93655,[],[],N/A
2001549042845913563,Thu Dec 18 07:04:13 +0000 2025,"#TVK chief #Vijay launches a scathing attack on the #DMK, alleges the ruling party is trying to scuttle his growth in Tamil Nadu politics. https://t.co/2O3hvLb69S",en,False,False,273,1341,20,1,23834,100999112,Shabbir Ahmed,Ahmedshabbir20,"Once a paperboy, now a journalist. Senior News Editor @thenewsminute . Chevening fellow. Opinions expressed here are personal.",Chennai - India ,False,False,126750,7588,103476,"['TVK', 'Vijay', 'DMK']",[],N/A
2001615467853811811,Thu Dec 18 11:28:10 +0000 2025,"நமக்கான காலம்!

தமிழ்நாட்டில் தி.மு.கழகம் ஆட்சி பொறுப்புக்கு வரும் காலம் எல்லாம் மக்களுக்குப் பொற்காலமாக இருக்கும்.

2026ல் திராவிட மாடல் 2.0 ஆட்சி அமைப்போம்! 🌄

#DMK4TN",ta,False,False,56,95,5,2,1166,960781239144730624,DMK IT WING,DMKITwing,Official Information and Technology Wing of Dravida Munnetra Kazhagam - #DMK 🌄 #SocialJustice & #SelfRespect | FOLLOW 👉 https://t.co/VQVqPrYAV5,"Tamilnadu, India",False,True,330127,70,61410,['DMK4TN'],[],N/A
1999302828897206469,Fri Dec 12 02:18:34 +0000 2025,"திமுக போன்று சமூகநீதியை உதட்டளவில் மட்டும் மேடைகளில் பேசும் இயக்கம் அல்ல 

சமூகநீதியை செயல்பாட்டின் மூலம் நிலை நிறுத்தும் மாபெரும் மக்கள் இயக்கம் அஇஅதிமுக!!

அதிமுகவில் ஜாதி கிடையாது மதம் கிடையாது ஏழை பணக்காரன் என்ற பாகுபாடு கிடையாது.

#என்றென்றும்_அதிமுக https://t.co/mbLUgztxV1",ta,False,False,360,647,41,28,6164,923849866861715456,AIADMK IT WING - SayYesToWomenSafety&AIADMK,AIADMKITWINGOFL,Official Twitter page of AIADMK IT Wing. News and updates from AIADMK.,"Chennai, India",False,True,159570,40,22220,['என்றென்றும்_அதிமுக'],[],N/A
2001578467411058843,Thu Dec 18 09:01:08 +0000 2025,"“Ghilli Gypsy"" 🔥

Thalapathy Vijay — goosebumps guaranteed just by the name 💥

#BhaBhaBa #JanaNayagan https://t.co/sGrSqgCyab",en,False,False,1879,8499,20,40,140140,1548605971924398080,Priyamudan Nanbans,PriyamudanNanbs,Kerala's No 1 Fans Welfare Team ✨|Anything For Our Man Thalapathy @actorvijay 👑 | Founder Pratheesh VR - 8921286124,,False,False,2875,10,1908,"['BhaBhaBa', 'JanaNayagan']",[],N/A
2001529137383776281,Thu Dec 18 05:45:07 +0000 2025,"தற்குறி ஒருவருக்கு பாடம் எடுத்திருக்கிறார் கழக உடன்பிறப்பு! 🔥👌

#DMK4TN https://t.co/EAPgLuOaub",ta,False,False,191,420,9,3,2468,2898216534,#DMK4TN,DMK4TN,திமுக ஓர் அரசியல் இயக்கம் மட்டுமல்ல; திராவிட கொள்கைகளுக்காக - தமிழக மக்களுக்காக போராடும் இயக்கம்!,,False,True,110971,312,38451,['DMK4TN'],[],N/A
2001608005805334704,Thu Dec 18 10:58:31 +0000 2025,"#WATCH | “ஒருவாட்டி அவர பேச விடுங்க” -விஜய் குறித்த கேள்விக்கு துணை முதலமைச்சர் உதயநிதி ஸ்டாலின் விமர்சனம்

#SunNews | @Udhaystalin | #TVK | #Vijay https://t.co/2gIGzbdpGt",ta,False,False,309,1387,95,64,64762,1079310252,Sun News,sunnewstamil,"Welcome to Sun News, The Tamil News Channel from Sun TV Network.","Chennai, India",False,True,3022363,28,383215,"['WATCH', 'SunNews', 'TVK', 'Vijay']",[],N/A
2001486264319774778,Thu Dec 18 02:54:45 +0000 2025,"கொரோனா காலத்தில், கடுமையான மன உளைச்சலால் மாணவர்களின் கல்வி பாதிப்படைய கூடாது என்பதற்காக, எனது தலைமையிலான அம்மாவின் அரசு, மாணவர்களுக்கு All Pass வழங்க உத்தரவிட்டது.

மாண்புமிகு கழகப் பொதுச் செயலாளர், புரட்சித் தமிழர் @EPSTamilNadu அவர்கள்.

#EPSfor2026
#WhereIsOurLaptop https://t.co/5btiI9FOy1",ta,False,False,234,394,40,14,3539,923849866861715456,AIADMK IT WING - SayYesToWomenSafety&AIADMK,AIADMKITWINGOFL,Official Twitter page of AIADMK IT Wing. News and updates from AIADMK.,"Chennai, India",False,True,159570,40,22220,"['EPSfor2026', 'WhereIsOurLaptop']",[],N/A
2001549639607291933,Thu Dec 18 07:06:35 +0000 2025,"நாங்கள் என்ன வாயிலே வடை சுட DMK வா 😂
TVK டா 🔥 - @TVKVijayHQ 

திமுக நீங்க செத்தீங்கடா 😂 https://t.co/o4Lb4ruJrV",ta,False,False,372,1241,8,5,9767,1617127366744248320,Sangeetha -TVK✨,sangeet29332013,"தமிழக வெற்றிக் கழக உறுப்பினர்.
பிறப்பொக்கும் எல்லா உயிர்க்கும்!

தவெக சமூக ஊடக பிரிவு சென்னை மண்டல இணை ஒருங்கிணைப்பாளர்.",chennai,False,True,11538,792,41868,[],[],N/A
2001301519581536405,Wed Dec 17 14:40:39 +0000 2025,"2021 சட்டமன்ற பொதுத்தேர்தலின்போது, திமுக-வின் தேர்தல் அறிக்கையில், இன்றைய முதலமைச்சர், அன்றைய எதிர்கட்சித் தலைவர் திரு.@mkstalin 
 திமுக ஆட்சிக்கு வந்தவுடன், 

மகாத்மா காந்தி ஊரக வேலைவாய்ப்பு உறுதி திட்டம் 100 நாட்களிலிருந்து 150 நாட்களாக உயர்த்தப்படும் என்றும், 
மற்றும் ஊதியமும் உயர்த்தப்படும் என்று அறிவித்திருந்தார் . 

மக்களை ஏமாற்றி, வாக்குகளை பெற்று ஆட்சிக்கு வந்த பிறகு, கொடுத்த வாக்குறுதியை இன்றுவரை நிறைவேற்றவில்லை. 

அவர் பதிவிட்டு இருந்த நீண்ட 
 “x” தள பதிவில் 
ஏன் இதை பற்ற எந்த குறிப்பும் இல்லை?

இது போன்ற  பச்சை துரோகத்தை செய்து விட்டு பச்சை துண்டு பற்றி பேச அவருக்கு  என்ன அருகதை இருக்கிறது ?

@arivalayam 

தற்போது, மத்திய அரசு இந்த 100 நாள் வேலை திட்டத்தை 125 நாட்களாக உயர்த்த உத்தேசித்துள்ளதை வரவேற்க்கிறேன். 

எனினும் மகாத்மா காந்தி ஊரக வேலை வாய்ப்பு உறுதி திட்டத்தின் பெயர் எவ்வித மாற்றமுமின்றி தொடர மத்திய அரசை வலியுறுத்துகிறேன்.

@MoRD_GoI",ta,False,,621,1248,111,41,32680,973935385557413889,Edappadi K Palaniswami-SayYEStoWomenSafety&AIADMK,EPSTamilNadu,Leader of Opposition - Tamilnadu Legislative Assembly | General Secretary - AIADMK | Former Chief Minister - Tamilnadu,"Tamil Nadu, India",False,True,662219,2,3845,[],[],N/A
2001547586029896066,Thu Dec 18 06:58:26 +0000 2025,"'ஏ, திமுக அரசே..!'
விஜய் முதல் விஜயதரணி வரை..
கலாய்த்து தள்ளிய ஷாநவாஸ்
விண்ணை முட்டிய கைதட்டல்,
சரவெடி பேச்சு
#MalaiMurasu #MakkalArangam #Debate #Election2026 #AloorShanavas #VCK #TVKVijay #TVKCampaign https://t.co/OgnD8tCQvf",ta,False,False,272,715,60,8,8563,170457916,Aloor Sha Navas,aloor_ShaNavas,"MLA, Nagapattinam Constituency. Deputy General Secretary, VCK. Activist, Orator from Tamil Nadu, India.",Chennai,False,True,318161,176,3393,"['MalaiMurasu', 'MakkalArangam', 'Debate', 'Election2026', 'AloorShanavas', 'VCK', 'TVKVijay', 'TVKCampaign']",[],N/A
2000985178911727842,Tue Dec 16 17:43:37 +0000 2025,திருப்பரங்குன்றம் மலை மீது உள்ள தீபத்தூண் முருகனுக்கு சொந்தம் - தமிழக பாஜக முன்னாள் மாநில தலைவர் திரு.@annamalai_k அவர்கள்! https://t.co/rFZzJ6RYgs,ta,False,False,258,665,27,3,5194,396707695,BJP Tamilnadu,BJP4TamilNadu,Official Twitter Account of Tamil Nadu Unit of Bharathiya Janata Party. தமிழ்நாடு பாரதிய ஜனதா கட்சியின் அதிகாரப்பூர்வ ட்விட்டர் கணக்கு.,"Tamil Nadu, India",False,True,630963,53,55395,[],[],N/A
2001504510964044012,Thu Dec 18 04:07:16 +0000 2025,"Thalapathy reference in #BhabhaBa 💥

Adopted son of Malayalam industry 

 https://t.co/ErkGXNiAY2",en,False,False,2185,7092,26,40,150178,730088562,Vijay Fans Trends,VijayFansTrends,"The Official Trends Page for Thalapathy @actorvijay - @tvkvijayhq , Backup Account @VijayTrendsPage",India,False,True,494586,2,93655,['BhabhaBa'],[],N/A
2001569260754374939,Thu Dec 18 08:24:33 +0000 2025,"யாருங்க தற்கோழி 

யாரு தற்கோழி 😂😂

- தவெக தொண்டர் ஆவேசம் https://t.co/E62HFQnPqZ",ta,False,False,225,514,27,8,8120,2478324450,சிலுவை,SiluvaM_,"மதியாதார் தலைவாசல் மிதியாதே ..!!!

D-Stock 🖤❤ தல தோனி ❤ #DravidianAlgorithm",சென்னை ,False,True,27015,4397,213675,[],[],N/A
2001640591948681340,Thu Dec 18 13:08:00 +0000 2025,"The swag, the rhythm and the effortless grace of Thalapathy Vijay 🕺🏽 

#OruPereVaralaaru 

https://t.co/I9paVefjPh",en,False,False,38,54,1,0,75,730088562,Vijay Fans Trends,VijayFansTrends,"The Official Trends Page for Thalapathy @actorvijay - @tvkvijayhq , Backup Account @VijayTrendsPage",India,False,True,494586,2,93655,['OruPereVaralaaru'],[],N/A
2000549476877078734,Mon Dec 15 12:52:18 +0000 2025,"Pamban is one of the most beautiful and unique places in Tamil Nadu. It is an ecologically sensitive region and a vital livelihood zone for local communities.

Careless acts like these are destroying Pamban’s fragile ecosystem. 

 https://t.co/zjw3qh1WL8",en,False,False,1083,4367,211,96,877359,1536302139105873921,Namma Kovai,NammaCoimbatore,🏁Motorsports Capital of India 💻Tier 2 IT hub of India,Coimbatore,False,True,7889,1329,4433,[],[],N/A
1999315644484059235,Fri Dec 12 03:09:29 +0000 2025,"தமிழ்த் திரையுலகின் அசைக்க முடியாத பேராளுமையாக 50 ஆண்டுகளாக கோலோச்சி வரும் சூப்பர்ஸ்டார் 
திரு. @rajinikanth அவர்களுக்கு எனது இதயங்கனிந்த பிறந்தநாள் நல்வாழ்த்துகள்.

திரையரங்குகளை திருவிழாக் கூடங்களாக மாற்றவல்ல தங்களின் Style Magic ரசிகர்களை மகிழ்விக்கட்டும் பல்லாண்டு!

#HBDSuperstarRajinikanth 
@AIADMKOfficial",ta,False,False,1943,6613,146,60,91259,973935385557413889,Edappadi K Palaniswami-SayYEStoWomenSafety&AIADMK,EPSTamilNadu,Leader of Opposition - Tamilnadu Legislative Assembly | General Secretary - AIADMK | Former Chief Minister - Tamilnadu,"Tamil Nadu, India",False,True,662219,2,3845,['HBDSuperstarRajinikanth'],[],N/A
1998996953435341023,Thu Dec 11 06:03:07 +0000 2025,"பெண் விடுதலை, சமத்துவம், 
தேசிய உணர்வு, மொழிப்பற்று ஆகிய உயர்ந்த கொள்கைகளை தனது எழுத்துக்களால் மக்கள் மனங்களில் விதைத்து, புதிய சிந்தனைகளுக்கு ஒளியூட்டிய விடுதலைச் சிந்தனையாளர்; தாய்மொழியான தமிழின் மகத்துவத்தை உலகம் அறியச் செய்த முண்டாசுக் கவிஞர், மகாகவி பாரதியார் அவர்களின் பிறந்த நாளில், தாய்மொழியையும் தாய்நாட்டையும் உயிரெனக் கொண்டிருந்த அவர்தம் பெரும் புகழை போற்றி வணங்குகிறேன்.
@AIADMKOfficial",ta,False,False,652,1407,168,32,20558,973935385557413889,Edappadi K Palaniswami-SayYEStoWomenSafety&AIADMK,EPSTamilNadu,Leader of Opposition - Tamilnadu Legislative Assembly | General Secretary - AIADMK | Former Chief Minister - Tamilnadu,"Tamil Nadu, India",False,True,662219,2,3845,[],[],N/A
2001545465364398579,Thu Dec 18 06:50:00 +0000 2025,"உங்களுக்கு நீங்க கொள்ளையடித்து வைத்திருக்கும் காசுதான் துணை. ஆனா, எனக்கு எல்லையில்லா பாசம் வைத்திருக்கும் இந்த Mass தான் துணை. - தவெக தலைவர் விஜய் 

#TVK | #Vijay | #DMK https://t.co/6gsNj5qa1c",ta,False,False,656,2364,40,10,24727,28995530,விகடன்,vikatan,இதயம் இணைக்கும் இணையம்!,"Tamilnadu, India",False,True,1132867,16,216733,"['TVK', 'Vijay', 'DMK']",[],N/A
2001553558764949601,Thu Dec 18 07:22:10 +0000 2025,"தீயசக்தி திமுக 
தூயசத்தி தவெக 

: பராசக்தி சி.க

~ எவம்ளே அது https://t.co/5IAQ8j9VF3",ta,False,False,367,2339,42,21,42047,1050277841965735936,Taurus,itz_chillax,Music 🎧 ll Cricket 🏏 || Movies 🍿 || AI 🩷,Dreamland ☔,False,False,22384,4030,352854,[],[],N/A
2001570795798298815,Thu Dec 18 08:30:39 +0000 2025,"ஈரோட்டில் விஜய் செய்தது சம்பவம் அல்ல...

சேலத்தில் நாம் தமிழர் கட்சி செய்யுறது தான் சம்பவம்...

இது தான் ...",ta,True,,305,709,20,2,5451,803297965867679744,சரவணன் (Saravanan),Saravanan_Offci,"தோன்றியதோ முத்து விளையும் தென்பாண்டி கடல்நாடு.கலைதனைப் பயின்றதோ சேர நாடு,காண விரும்புவதோ சோழனின் பொன்னிவள நாடு.
#தமிழ்நாடு_தமிழருக்கே - இரட்டைமலை சீனிவாசன்",,False,False,11073,712,22644,[],[],N/A
2001545910271279558,Thu Dec 18 06:51:46 +0000 2025,This is real - @TVKVijayHQ clearly making this a battle between them &amp; DMK. People in tea shops are glued to TV's &amp; YT like a IPL final https://t.co/oI7l131hRw,en,False,False,178,734,33,3,18369,918383703692161025,Major Madhan Kumar (Retd)🇮🇳,major_madhan,"Veteran ( Indian Army ),
Farmer & Entrepreneur
Geopolitical Analyst & Guest Lecturer
Gen Secy- Youth4nation- TN Chapter
YT: @MajorMadhanKumar 
Nation first 🇮🇳",India ,False,True,44896,370,16498,[],[],N/A
2001343996564852850,Wed Dec 17 17:29:26 +0000 2025,"In Tamil Nadu, the DMK govt has named everything, including infrastructure facilities and government schemes, only after their own ideological leaders. The DMK has never recognized freedom fighters like Bharathiyar, V.O. Chidambaram Pillai, or those who served the cause of Tamil, such as https://t.co/INKDdT1BcX. Swaminatha Iyer.

@AmitShah @BJP4TamilNadu @NainarBJP @blsanthosh",en,False,False,174,427,29,2,6040,4574087053,Vinoj P Selvam,VinojBJP,"BJP, Tamil Nadu.","Chennai, India",False,True,124944,743,13567,[],['http://U.Ve'],N/A
2001600472831135849,Thu Dec 18 10:28:35 +0000 2025,"Must Read!
Very Important!

கடந்த ஐந்து ஆண்டுகளில் 200-க்கும் மேற்பட்ட அரசு பள்ளிகளை திமுக அரசு மூடியதாக விஜய் கூறுகிறார். ஆனால் தமிழ்நாடு அரசின் கல்வித் துறை வெளியிட்டுள்ள UDISE+ தரவுகளின்படி, அதிகாரப்பூர்வ புள்ளிவிவரங்கள் அந்தக் கூற்றை ஆதரிக்கவில்லை.

அரசுத் தரவுகளின்படி, 2019–20 ஆம் ஆண்டில் 37,579 ஆக இருந்த அரசு பள்ளிகளின் எண்ணிக்கை, 2023–24 ஆம் ஆண்டில் 37,672 ஆக உயர்ந்துள்ளது. இதன் மூலம் கடந்த ஐந்து ஆண்டுகளில் தமிழ்நாட்டில் நிகரமாக 93 அரசு பள்ளிகள் கூடுதலாக செயல்பாட்டில் வந்துள்ளன என்பது தெளிவாகிறது.

பத்தாண்டு காலப் போக்கை நோக்கினால், 2016–17 ஆம் ஆண்டில் அதிகபட்சமாக 38,307 அரசு பள்ளிகள் இருந்துள்ளன. அதன் பின்னர் அதிமுக ஆட்சிக்காலத்தில், குறிப்பாக எடப்பாடி பழனிசாமி முதல்வராக இருந்த காலத்தில், பள்ளிகளின் எண்ணிக்கையில் சிறிய சரிவு ஏற்பட்டது. ஆனால் 2020–21 முதல் இந்த எண்ணிக்கை மீண்டும் நிலையான உயர்வை நோக்கி நகர்கிறது.

அரசு வெளியிட்டுள்ள ஆண்டுவாரியான தரவுகள்:

🔹2019–20: 37,579 பள்ளிகள்
🔹2020–21: 37,589 பள்ளிகள்
🔹2021–22: 37,636 பள்ளிகள்
🔹2022–23: 37,658 பள்ளிகள்
🔹2023–24: 37,672 பள்ளிகள்

இந்த எண்ணிக்கைகள், தமிழ்நாடு அரசு கல்வித் துறைக்கு வழங்கும் முக்கியத்துவத்தையும், குறிப்பாக கிராமப்புறம் மற்றும் பின்தங்கிய பகுதிகளில் கல்வி வசதிகளை விரிவுபடுத்தும் முயற்சிகளையும் வெளிப்படுத்துகின்றன. பள்ளிகளின் எண்ணிக்கையை அதிகரிப்பதோடு சேர்த்து, உள்கட்டமைப்பு மேம்பாட்டின் மூலம் அரசுப் பள்ளிகளின் தரமும் தொடர்ச்சியாக உயர்த்தப்பட்டு வருகிறது.

அதற்கான தெளிவான பிரதிபலிப்பாக, 2025–26 கல்வி ஆண்டில் தமிழ்நாடு அரசுப் பள்ளிகளில் சுமார் 4.07 லட்சம் மாணவர்கள் புதிதாக சேர்ந்துள்ளனர். இது கடந்த கல்வி ஆண்டின் (3.2 லட்சம்) சேர்க்கையை விட குறிப்பிடத்தக்க அளவில் அதிகம். அரசுப் பள்ளிகளின் மீதான நம்பிக்கை மீண்டும் வலுப்பெற்று வருவதை இந்த மாணவர் சேர்க்கை உயர்வு உறுதிப்படுத்துகிறது.

மேலும், சில அரசு பள்ளிகள் “மூடப்படுவது” என்பது முழுமையான பள்ளி ஒழிப்பு நடவடிக்கையாகப் பொருள் கொள்ள முடியாது. நீண்ட காலமாக ஒரு மாணவர் கூட சேராத, பூஜ்ஜியச் சேர்க்கை (Zero Enrolment) கொண்ட பள்ளிகள் தற்காலிகமாக மூடப்பட்டு அருகிலுள்ள பள்ளிகளுடன் இணைக்கப்படுவது பல ஆண்டுகளாக நடைமுறையில் உள்ள நிர்வாக செயல்முறைதான்.

ஒரு பக்கம் மாணவர் இல்லாத பள்ளிகள் மூடப்பட்டாலும், மறுபக்கம் மக்கள் நடமாட்டம் உள்ள பகுதிகளில் புதிய பள்ளிகள் திறக்கப்படுவதால் தமிழ்நாட்டில் அரசுப் பள்ளிகளின் எண்ணிக்கை நிலையாகவோ அல்லது அதிகரித்தோ தான் உள்ளது.
அதாவது, இது குறைப்புச் செயல்முறை அல்ல; தேவைக்கு ஏற்ப பள்ளி வலையமைப்பை சீரமைக்கும் நிர்வாக நடவடிக்கை.

அதேபோல், தொடக்கப் பள்ளிகள் நடுநிலைப் பள்ளிகளாகவும், உயர்நிலைப் பள்ளிகள் மேல்நிலைப் பள்ளிகளாகவும் தரம் உயர்த்தப்படும் போது, பழைய வகைப்பாட்டில் பள்ளிகளின் எண்ணிக்கை குறைவாகத் தோன்றலாம்.

மக்கள் தொகை குறைவான பகுதிகள், போக்குவரத்து வசதி குறைந்த மலைக் கிராமங்கள் மற்றும் புதிய குடியிருப்புப் பகுதிகளில் மாணவர்களின் கல்வி உரிமையை உறுதி செய்ய, புதிய தொடக்கப் பள்ளிகள் தொடங்கப்பட்டுள்ளன. 

குறிப்பாக, மலைப் பிரதேசங்கள் மற்றும் புதிதாக உருவான குடியிருப்புகளில் அண்மையில் 13 புதிய அரசு பள்ளிகளை தமிழ்நாடு அரசு தொடங்கியுள்ளது. சில இடங்களில் மாணவர் சேர்க்கை இல்லாத பள்ளிகள் மூடப்பட்டாலும், புதிய பள்ளிகள் தொடங்கப்பட்டதும், பல பள்ளிகள் தரம் உயர்த்தப்பட்டதும் காரணமாக மொத்த எண்ணிக்கை நிகரமாக உயர்ந்துள்ளது.

இன்று தமிழ்நாடு அரசு பள்ளிகளின் எண்ணிக்கையை உயர்த்துவதோடு மட்டுமல்லாமல், உள்ள பள்ளிகளின் தர மேம்பாட்டிலும் அதிக கவனம் செலுத்தி வருகிறது. 

முதலமைச்சரின் காலை உணவுத் திட்டம், அரசுப் பள்ளி மாணவர்களுக்கான 7.5% இடஒதுக்கீடு, ஸ்மார்ட் வகுப்பறைகள் உள்ளிட்ட உள்கட்டமைப்பு மேம்பாட்டு திட்டங்கள் அரசுப் பள்ளிகளை மாணவர்கள் விரும்பும் கல்வி நிலையங்களாக மாற்றி வருகின்றன. 

பள்ளிகளின் எண்ணிக்கையில் ஏற்பட்டுள்ள இந்த சீரான வளர்ச்சியும், மாணவர் சேர்க்கையில் காணப்படும் கணிசமான உயர்வும், அடித்தட்டு மாணவர்களுக்கான கல்வி வாய்ப்பு தொடர்ந்து உறுதி செய்யப்படுவதை தெளிவாக காட்டுகிறது.

இதையெல்லாம் பார்த்து முடிந்தால் யாராவது விஜய்க்கு இந்த அதிகாரப்பூர்வத் தரவுகளை கொடுத்து, அமைதியாக உட்கார வைத்து புரியவைக்கவும். அப்படியும் புரியுமாவென்று தெரியவில்லை. ஏனென்றால் facts-க்கும் fiction-க்கும் உள்ள வித்தியாசம் தெரியாத தற்குறி!",ta,False,False,82,159,10,6,4865,3032189814,Surya Born To Win,Surya_BornToWin,Mechanical Engineer | Dravidian Stock | Atheist | Rationalist | Anti-Religion | Anti-Caste | பிறப்பொக்கும் எல்லா உயிர்க்கும் | Tweets are My Personal Views |,"Chennai,TamilNadu,Indian Union",False,True,76966,565,163420,[],[],N/A
2001559961722405221,Thu Dec 18 07:47:36 +0000 2025,"சீமான் களத்தில் இல்லை, அவரை எதிர்க்க மாட்டோம், அவரை பற்றி பேச மாட்டோம் என மறைமுக விமர்சனம் செய்துள்ளார் விஜய். 

ஆனால் அவ்வளவு நேரம் பெயர் சொல்லி திமுக'வை விமர்சித்ததை விட பெயர் குறிப்பிடாமல் அண்ணன் சீமானை விமர்சித்ததுதான் இன்று பேசுபொருள். 

புரிந்துகொள்ளுங்கள், இந்த ரசிகர்களின் மதிமயங்கிய மோகமும், ஊடகங்களின் விசுவாசத்தையும் கழித்துவிட்டுப் பார்த்தால் சீமான் அண்ணனின் அரை நிமிட பேச்சுக்கு கூட ஈடல்ல நீங்கள்!

#tvkvijay‌ 
#Seeman",ta,False,False,157,495,47,5,13541,1342712840113807364,செ. இன்பா,inbamuthuraji,தமிழன் 😍🔥,,False,True,3150,863,13639,"['tvkvijay\u200c', 'Seeman']",[],N/A
2001575865298321918,Thu Dec 18 08:50:48 +0000 2025,"Watch #TheSouthernView | ""DMK Evil, TVK Pure"": Vijay's Big Political Return After Karur Tragedy

@TMVRaghav @Vasudha156 @DharanVija47684 https://t.co/kcKq8Hnnni",en,False,False,349,788,5,4,11801,37034483,NDTV,ndtv,"Breaking news alerts
Insta https://t.co/QrV2OUie6Q
WhatsApp https://t.co/WriOE8t4rq
Download App: https://t.co/Q2YKIJk45r",India,False,True,17182659,20,1494594,['TheSouthernView'],[],N/A
2001563106162676064,Thu Dec 18 08:00:06 +0000 2025,"ஈரோடு: தவெக தலைவர் விஜய் பரப்புரையை முடித்துவிட்டு கிளம்பியபோது, விஜயமங்கலம் சுங்கச்சாவடி அருகே விஜயின் காரை சூழ்ந்து நின்று தொண்டர்கள்.. கார் நகர்ந்து செல்ல முடியாமல் மெதுவாக சென்றது

#Erode | #TVK | #Vijay https://t.co/rpFpL2fyR4",ta,False,False,1554,5268,29,59,86893,622872390,PttvOnlinenews,PttvNewsX,Puthiya Thalaimurai TV (Tamil: புதிய தலைமுறை டிவி) is a 24x7 live news channel,Chennai,False,True,2748843,1,548091,"['Erode', 'TVK', 'Vijay']",[],N/A
2001581986952155554,Thu Dec 18 09:15:07 +0000 2025,"மற்ற கட்சிகள் நம் கட்சியை பற்றி அவதூறு விமர்சனம் செய்ய ,செய்ய நம் #தவெக கட்சி மக்கள் மத்தியில் மிக பலம் ஆகி கொண்டு இருக்கிறது என்பதற்கு எடுத்துக்காட்டு தான் இன்றைய #ஈரோடு கூட்டம் ❤️‍🔥🔥🔥

Thanks to TVK haters 😍😍 https://t.co/khhd5yQuey",ta,False,False,1060,3311,8,5,28707,2300878962,Vîjäy கழகம்™ 🇪🇸,vj_kazahagam,"தமிழினத்தின் அரசியல் ✍️ 
#Civil_engineer 🏢⛺🏛️🏗️
 👉👉Follow me and I'll follow you back👈👈",Australia,False,True,12901,11316,27217,"['தவெக', 'ஈரோடு']",[],N/A
1999689164158304487,Sat Dec 13 03:53:43 +0000 2025,"பெண்கள் வாழ்வு சிறக்க,  அவர்களின் இலட்சியக் கனவுகளை நோக்கிச் சிறகடிக்க அனைத்து வகையிலும் திராவிட மாடல் அரசு துணை நிற்கிறது. மாண்புமிகு முதலமைச்சர் திரு @mkstalin அவர்கள் எண்ணற்ற மகளிர் நலத்திட்டங்களை செயல்படுத்தி வருகிறார்; இனியும் செயல்படுத்துவார்!

#வெல்லும்_தமிழ்ப்_பெண்கள் https://t.co/0ptRz9Dc2R",ta,False,False,1933,1781,284,353,31576,275172055,DMK,arivalayam,"DMK | Dravida Munnetra Kazhagam|
Ins:-https://t.co/ufUL6xDaFx | 
FB:-https://t.co/8gXqPgYfxS | 
YT:-https://t.co/CucQKnhAkk",Tamil Nadu,False,True,960761,191,64463,['வெல்லும்_தமிழ்ப்_பெண்கள்'],[],N/A
2001580382526021697,Thu Dec 18 09:08:45 +0000 2025,"திமுக எதிர்ப்பை  மேலும் கூர்மைபடுத்தி  உள்ளார் விஜய்🔥 பிரதான அதிமுக  இடத்தை பிடிக்க நெனக்கிறார் களத்தில் இல்லாத BJP எதற்கு எதிர்க்கணும்?? தேர்தல் நெருக்கத்தில்  பாத்துக்கலாம் நெனக்கிறார்  சரியான அரசியல் நோக்கி தான் பயணிக்கிறார்  👍🏾

  Journalist - சபீர் 

@TVKVijayHQ https://t.co/02x0liI9TU",ta,False,False,467,1571,4,1,17780,1755630831463526400,VIJAY VIGNESH 🇪🇦 TVK 🇪🇦,VigneshVic67385,"Engineering ..... from #BLR ❤️ TVK Member 🙋‍♂️ #politics 
  
*பிறப்பொக்கும்  எல்லா உயிர்க்கும் -திருவள்ளுவர் *

(Silence Best Sollution From All Problems 🤗)",Bangalore ,False,True,5128,2028,45076,[],[],N/A
2001542661019439519,Thu Dec 18 06:38:51 +0000 2025,"""நாங்க மாற்றத்தை எதிர்பாக்குறோம்... பேசுறவங்க என்ன வேணா பேசட்டும் ஆனா நாங்க விஜய் அண்ணா கூட தான் இருக்கோம்.."" கொங்கு மண்டலத்திற்கு முதல் முறையாக வருகை தரும் விஜய்.. பெண் தொண்டர் உற்சாக பேட்டி

#Erode | #Vijayamangalam | #TVK | #TVKVijay | #TVKLeaderVijay | #VijayMakkalSanthippu | #PolimerNews",ta,False,False,586,1928,15,4,17689,1943418931,Polimer News,polimernews,Official Twitter handle of Polimer News Channel. Follow to get updated on Top Stories across the World,Chennai,False,True,2217365,254,306853,"['Erode', 'Vijayamangalam', 'TVK', 'TVKVijay', 'TVKLeaderVijay', 'VijayMakkalSanthippu', 'PolimerNews']",[],N/A
2001547848618512574,Thu Dec 18 06:59:28 +0000 2025,நோவ் நீங்க வேற மாதிரி நா💥💪🏻 #thalapathyvijay #thalapathy #tvkvijay #tvk #viral https://t.co/FN1fMMsGa6,ta,False,False,1556,5444,30,16,47332,1777575417362165760,Thalapathyin Thozhargal,Thalapathyhq,"தளபதியின் தோழர்கள் அதிகாரப்பூர்வமான கணக்கு | Official Account of TT - Thalapathyin Thozhargal | 

Youtube Link :",Thalapathy NenjilKudiyirukkom,False,True,1889,20,835,"['thalapathyvijay', 'thalapathy', 'tvkvijay', 'tvk', 'viral']",[],N/A
2001615159647990257,Thu Dec 18 11:26:56 +0000 2025,"இவர் டூப்புப் போட்டு திரையில் நடித்த நடிகன் இல்லை! மக்களின் அன்பைப் பெற்ற தமிழகத்தின் நாளைய நம்பிக்கை 🫰👌 #மல 💪🔥 
#Annamalai 

@annamalai_k https://t.co/86DO4pC1Fj",ta,False,False,107,355,4,0,2806,1148599706,Karthikeyan S 🇮🇳,karthikbjpkarur,Nation First | BJP Karyakarta | #BJP Tamilnadu OBC Morcha Social Media State IN-CHARGE | All Hindu's Are Equal 🕉️ௐ🚩| #2026TN_NDA_Government 💪🇮🇳,"Karur, Tamilnadu, Bharat ",False,True,10721,1612,34613,"['மல', 'Annamalai']",[],N/A
1999813973596590148,Sat Dec 13 12:09:40 +0000 2025,"Kerala Turning towards Bhagwa before Tamil Nadu &amp; Bengal was not in My Agenda for 2025;

Congratulations @BJP4Keralam 🎉 for Superb Electoral Performance and Best Wishes as the Next Decade of Kerala belongs to BJP with this Dedication and Pace 🪷

Jai Bharat 🇮🇳❤️ https://t.co/S1IQySVToK",en,False,False,2457,16460,134,47,255799,1013118530835759104,Nationalist Mumbaikar 🇮🇳™,Ayush_Shah_25,"▪ Proud Indian Nationalist 🇮🇳
▪ Proud Follower of Jainatva ࿗
▪ Jai Maharashtra 🚩
▪ Economy & GeoPolitics 🌍
▪ Mission Mahasatta Bharat 2047 🇮🇳","सोबो, मुंबई, महाराष्ट्र, भारत",False,True,25357,8188,258845,[],[],N/A
2001546704735314388,Thu Dec 18 06:54:56 +0000 2025,"#JUSTIN எதிரிகள் யார் என சொல்லிவிட்டு களத்திற்கு வந்துள்ளதால் அவர்களை
 மட்டும் தான் எதிர்ப்போம் - ஈரோடு பரப்புரைக் கூட்டத்தில் தவெக தலைவர் விஜய் பேச்சு  

#Vijay #TVK #News18Tamilnadu | https://t.co/3v5L32pLWJ https://t.co/XNkgDCkfzb",ta,False,False,32,95,15,4,4958,739042814755901440,News18 Tamil Nadu,News18TamilNadu,"மின்னல் வேகத்தில் பிரேக்கிங் நியூஸ்  #நியூஸ்18தமிழ்நாடு 

News18 Tamil Nadu, Network18 Group caters to News & information to the Tamil viewers.","Chennai, India",False,True,1529989,37,362069,"['JUSTIN', 'Vijay', 'TVK', 'News18Tamilnadu']",['http://News18Tamil.com'],N/A
2001107999738524144,Wed Dec 17 01:51:40 +0000 2025,"#JUSTIN மறக்க முடியாத வரவேற்பு அளித்த 
எத்தியோப்பியாவுக்கு நன்றி
 - பிரதமர் மோடி X தளத்தில் பதிவு 

#PMModi #Ethiopia #India #News18Tamilnadu | https://t.co/3v5L32pLWJ https://t.co/gciz9TVfma",ta,False,False,153,935,6,1,12242,739042814755901440,News18 Tamil Nadu,News18TamilNadu,"மின்னல் வேகத்தில் பிரேக்கிங் நியூஸ்  #நியூஸ்18தமிழ்நாடு 

News18 Tamil Nadu, Network18 Group caters to News & information to the Tamil viewers.","Chennai, India",False,True,1529989,37,362069,"['JUSTIN', 'PMModi', 'Ethiopia', 'India', 'News18Tamilnadu']",['http://News18Tamil.com'],N/A
2001556542169219133,Thu Dec 18 07:34:01 +0000 2025,"மகாத்மா காந்தி தேசிய ஊரக வேலைவாய்ப்பு உறுதித் திட்டத்தை சிதைத்து, பல கோடி கிராமப்புற மக்களின் வாழ்வாதாரத்தை கேள்விக்குறியாக்கும் ஒன்றிய பாஜக அரசின் புதிய சட்ட மசோதாவை கண்டித்து, இந்தியா கூட்டணி கட்சிகளின் நாடாளுமன்ற உறுப்பினர்கள் இணைந்து இன்று நாடாளுமன்றத்தில் நடத்திய போராட்டத்தில் பங்கேற்றபோது.

Participated today in the protest in Parliament by INDIA alliance, opposing the Union BJP government’s new Bill that weakens the Mahatma Gandhi National Rural Employment Guarantee Scheme and threatens the income and food security of crores of rural people.

#DMKinParliament",ta,False,False,145,338,13,3,3825,862799564,Kanimozhi (கனிமொழி),KanimozhiDMK,"மக்களவை உறுப்பினர், துணைப் பொதுச்செயலாளர், திராவிட முன்னேற்றக் கழகம்.   Member of Parliament, Deputy General Secretary, Dravida Munnetra Kazhagam.","Chennai, India",False,True,1074768,23,7448,['DMKinParliament'],[],N/A
2001469351183220862,Thu Dec 18 01:47:33 +0000 2025,"கார்த்திகை குளிரிலும் தளபதியைக் காண குவியும் தொண்டர்கள்💥

 உண்மையான அன்பு எதையும் தியாகம் செய்ய வைக்கும் குளிரையும் பொருட்படுத்தாமல் தளபதிக்காக மட்டுமே😍 https://t.co/s0Vkdx3cze",ta,False,False,279,1173,3,2,7633,875024842814242816,TVK WORLD,TVK_WORLD,#தமிழகவெற்றிக்கழகம்  maintaining by @official_Tvmp Team | Admin - @IM_Back2026,India,False,True,71945,8,7362,[],[],N/A
2001476962003583270,Thu Dec 18 02:17:48 +0000 2025,"காலை 6 மணிக்கு இப்படி ஒரு கூட்டத்தை காசு கொடுத்து கூட திமுக அதிமுக கட்சிகளால் கூட்ட முடியாது  😂😂😂

ஈரோடு வரலாறு இனி #ThalapathyVijay பெயர் இல்லாமல் இல்ல DOT 🔥🔥🔥

பொதுக்கூட்டம் ❌❌
மாநாடு ✅✅

அறிவிக்கப்படாத மினி மாநாடு‼️

@TVKVijayHQ 🥵🥵

https://t.co/ijlcEoTxb0",ta,False,False,266,1060,5,4,8505,1866963858583326724,TVK 𝚂qυα∂💥,TVKVijay24x7,"ɪ'ʟʟ ᴍᴀᴛᴄʜ ʏᴏᴜʀ ʀᴇꜱᴘᴇᴄᴛ, ʙᴜᴛ ɪ'ʟʟ ᴛᴏᴘ ʏᴏᴜʀ ᴅɪꜱʀᴇꜱᴘᴇᴄᴛ
#ᴛᴠᴋ ˢᵒᶜⁱᵃˡ ᴹᵉᵈⁱᵃ ᶜᵒ ᶜᵒ⁻ᴼʳᵈⁱⁿᵃᵗᵒʳ ᵀᴴᴬᴺᴶᴬⱽᵁᴿ &ᵁˢ ᶻᵒⁿᵉ ʙᴀᴄᴋᴜᴘ-@ghilli2004 ᴍᴏᴠɪᴇ ʀᴇᴠɪᴇᴡꜱ @ReelsThirai","Halifax, Nova Scotia (TN68)",False,True,12249,165,13040,['ThalapathyVijay'],[],N/A
1996531329274646841,Thu Dec 04 10:45:37 +0000 2025,திருப்பரங்குன்றம் விவகாரத்தில் திமுக அரசின் கீழ்த்தரமான அரசியல்! https://t.co/Bzbxzoc4pQ,ta,False,False,257,674,31,3,5627,1627576116616765442,En Mann En Makkal,EnMannEnMakkal,"My Land, My People | Official Handle of Thalaivar Thiru K Annamalai’s Yatra | Come, let us ignite a political revolution in Tamil Nadu! | #VendumMeendumModi",Tamilnadu,False,True,31360,9,5803,[],[],N/A
2001578227798856024,Thu Dec 18 09:00:11 +0000 2025,Now I see what DMK is afraid of #TVKVijay 📈🔥 https://t.co/ppCniU5BMD,en,False,False,2282,8942,14,18,58398,1872217044537532416,ᴅʏɴᴀᴍᴏ,jana_Nayagan07,✨️❤️🔥⚡️,,False,False,1064,1390,6753,['TVKVijay'],[],N/A
2001627942527582552,Thu Dec 18 12:17:44 +0000 2025,"திருப்பூர் மாநகரில் சேரும் குப்பையை இடுவாய், சின்னகாளிபாளையம் கிராமத்தில் கொட்ட ஐந்து கிராமங்களை சேர்ந்த மக்கள் எதிர்ப்பு தெரிவித்து வரும் நிலையில், அந்த மக்களுக்கு ஆதரவாக போராட்டத்தில் ஈடுபட்ட நமது முன்னாள் மாநிலத் தலைவர் திரு. @annamalai_k அவர்களை கைது செய்துள்ள ஸ்டாலின் அரசின் செயல் வன்மையாக கண்டிக்கத்தக்கது..!",ta,False,False,69,144,2,0,1085,396707695,BJP Tamilnadu,BJP4TamilNadu,Official Twitter Account of Tamil Nadu Unit of Bharathiya Janata Party. தமிழ்நாடு பாரதிய ஜனதா கட்சியின் அதிகாரப்பூர்வ ட்விட்டர் கணக்கு.,"Tamil Nadu, India",False,True,630963,53,55395,[],[],N/A
2001552580443570192,Thu Dec 18 07:18:16 +0000 2025,"சோசியல் மீடியாவில் அடிச்சதுக்கு ட்ரிகர் ஆகியிருக்கான்யா🤣🤣

#தற்குறி_விஜய்_கழகம் https://t.co/uIVu7Ai0k6",ta,False,False,993,3055,48,24,36918,987884842611167232,ஜீரோ நானே⭕,Anti_CAA_23,பாசிச எதிர்ப்பாளன் | Content Creator | Muslim❤️ | #Alhamdhulillah #FreePalestine🇵🇸,TAMILNADU(INDIA),False,True,38204,6244,163782,['தற்குறி_விஜய்_கழகம்'],[],N/A
2001590665923223697,Thu Dec 18 09:49:37 +0000 2025,"அனைத்திந்திய அண்ணா திராவிட முன்னேற்றக் கழகத்தின் சார்பில் கிறிஸ்துமஸ் பெருவிழா நிகழ்ச்சி.

சிறப்பு வாழ்த்துரை:
மாண்புமிகு கழகப் பொதுச்செயலாளர் புரட்சித்தமிழர்
@epstamilnadu அவர்கள்.

நாள்: 18-12-25 ,
வியாழக்கிழமை.
நேரம்: மாலை 4.30 PM
இடம்: CSI லைட் ஆடிட்டோரியம்.
கீழ்பாக்கம், சென்னை.",ta,False,False,148,223,27,9,1550,923849866861715456,AIADMK IT WING - SayYesToWomenSafety&AIADMK,AIADMKITWINGOFL,Official Twitter page of AIADMK IT Wing. News and updates from AIADMK.,"Chennai, India",False,True,159570,40,22220,[],[],N/A
2001612505169445157,Thu Dec 18 11:16:24 +0000 2025,"களத்தில் தலைவர், சரவெடி.🔥💥

#Annamalai https://t.co/cm6lAoRlRn",ta,False,False,385,1061,6,6,9112,1885955664540729344,ᴋᴀʀᴛʜɪ,TwitzKarthi,Modi’s Vision & Annamalai’s Mission | Anti DMK | Views are Personal.,🇮🇳,False,True,3985,195,4625,['Annamalai'],[],N/A
2000755721810653190,Tue Dec 16 02:31:50 +0000 2025,"""கிலிகேசி"" தர்பார் நடத்தும் பொம்மை முதல்வரும்,

அவரின் ஆணவத்தை கால் மேல் கால் போட்டு, ஊருக்கே காட்டிய ""வெள்ளி சிம்மாசனமும்""!

உங்க கேரக்டரையே புரிஞ்சிக்காம ஓட்டு போட்ட தமிழக மக்கள் தான் பாவம் @mkstalin!

#DMKFailsTN #ByeByeStalin https://t.co/ZOfFOlnXLM",ta,False,False,785,1866,80,52,109800,923849866861715456,AIADMK IT WING - SayYesToWomenSafety&AIADMK,AIADMKITWINGOFL,Official Twitter page of AIADMK IT Wing. News and updates from AIADMK.,"Chennai, India",False,True,159570,40,22220,"['DMKFailsTN', 'ByeByeStalin']",[],N/A
2001566893522440522,Thu Dec 18 08:15:09 +0000 2025,"ஈரோடு மக்கள் சந்திப்பு: விஜய் பதிவிட்ட செல்ஃபி வீடியோ!

#Vijay | #TVKVijay | #DMK | #Erode | #VikatanReels https://t.co/gvLEMPVNYM",ta,False,False,125,375,2,1,3591,28995530,விகடன்,vikatan,இதயம் இணைக்கும் இணையம்!,"Tamilnadu, India",False,True,1132867,16,216733,"['Vijay', 'TVKVijay', 'DMK', 'Erode', 'VikatanReels']",[],N/A
2001624601286283618,Thu Dec 18 12:04:27 +0000 2025,"திமுக அரசின் பாசிச போக்கிற்கு அஞ்சாது பாஜக!

திருப்பூர் மாநகராட்சி குப்பைகளை சின்ன காளிபாளையத்தில் கொட்டி வந்த திமுக அரசை எதிர்த்து ஒரு மாத காலமாக மக்கள் போராட்டம் நடத்தி வந்த நிலையில், இன்று போராட்டத்தில் பங்குபெற வந்த பாஜக தேசிய பொதுக்குழு உறுப்பினரும் தமிழக பாஜகவின் முன்னாள் மாநிலத் தலைவருமான சகோதரர் திரு. @annamalai_k அவர்களையும் பாஜக நிர்வாகிகளையும் ஏவல்துறை கைது செய்திருப்பது வன்மையான கண்டனத்திற்குரியது. 

மக்கள் குடியிருக்கும் பகுதியில் குப்பையை கொட்டி சுகாதார சீர்கேடு ஏற்படுத்தியதோடு போராடும் பொதுமக்கள் மீது தடியடி நடத்திய திமுக அரசுக்கு @BJP4TamilNadu சார்பாக ஏற்கனவே நான் கண்டனம் தெரிவித்திருந்த நிலையில், இன்று மக்கள் போராட்டத்திற்கு பாஜகவின் ஆதரவைத் தெரிவிக்க வந்த தாமரை சொந்தங்களையும் திமுக அரசு கைது செய்திருப்பது அதன் பாசிச போக்கை அடிக்கோடிட்டு காட்டுகிறது. அறவழியில் போராட முயன்ற தலைவர்களை சர்வாதிகார முறையில் அடக்கி ஒடுக்க முனையும் திமுக அரசுக்கு, குப்பைகளை முறையாக அப்புறப்படுத்த திராணியில்லையா? அல்லது மனமில்லையா? 

மொத்தத்தில், பொதுமக்கள் நலனை தூக்கியெறிந்து, பாசிசத்தை மட்டுமே தூக்கிப் பிடிக்கும் @arivalayam அரசு தனது அகங்காரத்தாலேயே வீழும் நாள் தொலைவிலில்லை!",ta,False,,50,141,1,4,2651,914040073766629376,Nainar Nagenthran,NainarBJP,"Member of Legislative Assembly, Tirunelveli | Legislative Party Leader - BJP | State President - TN BJP","Tamil Nadu, India",False,True,95664,156,3795,[],[],N/A
2001517149266022766,Thu Dec 18 04:57:29 +0000 2025,"#Vijay | கோவையில் இருந்து ஈரோடு பொதுக்கூட்டத்திற்கு புறப்பட்ட தமிழக வெற்றிக் கழகத்தின் தலைவர் விஜய்.

#TVK | #TVKVijay https://t.co/5O9LNDyQDI",ta,False,False,171,792,2,2,14160,385331874,Senthilraja R,SenthilraajaR,Journalist | @News18Tamilnadu | Ex Senior Associate Editor - @PTTVOnlineNews |  All Tweets are Personal.. RTs are not endorsement..,Chennai,False,True,12888,1765,5985,"['Vijay', 'TVK', 'TVKVijay']",[],N/A
2001205648286212424,Wed Dec 17 08:19:41 +0000 2025,"நிதர்சனமான உண்மை 💯👇🏻

வேற லெவல்ல பேசுறாரு இந்த மனுஷன் 😍👌🏻🔥

#TVK 
https://t.co/kkVw3uaHyX",ta,False,False,980,3521,12,10,38331,800252397322801152,தளபதி ரிஷி,ThalapathiRISHI,"தளபதி விஜய்-ன் ரசிகன் 😎🔥 Meme creator 🔥 Be yourself because an original is worth than a copy 😎💪🏻
My queen @thalaphathifan 🫶🏻❤️",,False,True,52972,12644,385760,['TVK'],[],N/A
2001560682685501900,Thu Dec 18 07:50:28 +0000 2025,"📊 #NCRB 2023 Report – Crime Against Women (State-wise Rate per lakh population)

 NCRB 2023 Data on Crimes Against Women paints a clear picture of safety across Indian states and Tamil Nadu stands out once again.

While states like
📍 Delhi – 133.6
📍 Telangana – 124.9
📍 Rajasthan – 114.8
📍 Odisha – 112.4
📍 Haryana – 110.3
📍 Kerala – 86.1
📍 Andhra Pradesh – 84.2
📍 Maharashtra – 76.8
📍 West Bengal – 71.3
record higher crime rates (per lakh population)

🌸 #TamilNadu – 23.2
Among the lowest crime rates against women in India, Tamil Nadu once again stands as one of the safest states for women 👩‍🦰✨

According to the NCRB 2023 data, Tamil Nadu recorded 8,943 crimes against women, a 3% decrease from 9,207 cases in 2022. 📉

@NCRBHQ | @tnpoliceoffl",en,False,False,42,125,3,4,3855,1536953531584094208,Tamilnadu Stats,TamilnaduStats,"Evaluating the State of #TamilNadu through available Data, Stories, and Visualizations. 📊 | https://t.co/UV5ywWQjbG",Tamilnadu,False,True,11063,0,248,"['NCRB', 'TamilNadu']",[],N/A
2001530853047013411,Thu Dec 18 05:51:56 +0000 2025,"எங்கள் காளியம்மன் மேல சத்தியமா சொல்லுறோம்... எம்ஜிஆரை போல விஜய்யும் ஆட்சிய புடிப்பார்... அடித்து சொன்ன பாட்டி..!

#Vijay #VijayEntry #Erode #VijayErodeVisit #Vijayamangalam #SaralaiErode #TVK #TVKCampaign #VijayMakkalSanthippu #TVKCandidate #ThalapathyVijay #NewsTamil24x7 https://t.co/o8lot6034F",ta,False,False,894,2961,8,3,17760,1414826926309478418,News Tamil 24x7,NewsTamilTV24x7,"News Channel based in Tamilnadu, India aimed at bringing accurate, elaborate, and fast news across platforms.","chennai, Tamil nadu",False,True,141797,1,233853,"['Vijay', 'VijayEntry', 'Erode', 'VijayErodeVisit', 'Vijayamangalam', 'SaralaiErode', 'TVK', 'TVKCampaign', 'VijayMakkalSanthippu', 'TVKCandidate', 'ThalapathyVijay', 'NewsTamil24x7']",[],N/A
2001556008448201090,Thu Dec 18 07:31:54 +0000 2025,"#TamilNadu | People will never abandon me, says Vijay at #Erode rally
#TVKVijay https://t.co/TRAas8UPFI",en,False,False,280,628,2,0,6115,19519947,Deccan Chronicle,DeccanChronicle,Deccan Chronicle brings you news and views from around the world -- accurate and immediate.,"Hyderabad, India",False,True,119689,219,456538,"['TamilNadu', 'Erode', 'TVKVijay']",[],N/A
2001279255830057419,Wed Dec 17 13:12:11 +0000 2025,"அரசுப்பள்ளி மாணவி To Project Manager!

கீர்த்தி போன்ற எண்ணற்ற ஏழை எளிய மாணவச் செல்வங்களின் வாழ்வை செதுக்கிய #PricelessScheme_AmmaLaptop!

#EPSfor2026 
#WhereIsOurLaptop https://t.co/GUQhWfHaQ2",ta,False,False,395,660,50,31,3996,923849866861715456,AIADMK IT WING - SayYesToWomenSafety&AIADMK,AIADMKITWINGOFL,Official Twitter page of AIADMK IT Wing. News and updates from AIADMK.,"Chennai, India",False,True,159570,40,22220,"['PricelessScheme_AmmaLaptop', 'EPSfor2026', 'WhereIsOurLaptop']",[],N/A
