tweet_id,created_at,full_text,lang,is_quote,possibly_sensitive,retweet_count,favorite_count,reply_count,quote_count,view_count,user_id,user_name,screen_name,user_desc,user_location,user_verified,is_blue_verified,followers_count,following_count,total_tweets_by_user,hashtags,urls,place
2012727167004639336,Sun Jan 18 03:22:05 +0000 2026,"TVK கூட்டணியில் @TTVDhinakaran மற்றும் @OfficeOfOPS விரைவில் இனைவார்கள் என @KASengottaiyan தகவல் 🔥🔥🔥

@TVKVijayHQ #TVKForTN https://t.co/X3nb8HnhRN",ta,False,False,204,931,18,3,24709,1866963858583326724,TVK 𝚂qυα∂💥,TVKVijay24x7,"ɪ'ʟʟ ᴍᴀᴛᴄʜ ʏᴏᴜʀ ʀᴇꜱᴘᴇᴄᴛ, ʙᴜᴛ ɪ'ʟʟ ᴛᴏᴘ ʏᴏᴜʀ ᴅɪꜱʀᴇꜱᴘᴇᴄᴛ
#ᴛᴠᴋ ˢᵒᶜⁱᵃˡ ᴹᵉᵈⁱᵃ ᶜᵒ ᶜᵒ⁻ᴼʳᵈⁱⁿᵃᵗᵒʳ ᵀᴴᴬᴺᴶᴬⱽᵁᴿ &ᵁˢ ᶻᵒⁿᵉ ʙᴀᴄᴋᴜᴘ-@ghilli2004 ᴍᴏᴠɪᴇ ʀᴇᴠɪᴇᴡꜱ @ReelsThirai","Halifax, Nova Scotia (TN68)",False,True,13201,175,15069,['TVKForTN'],[],N/A
2012755410688913483,Sun Jan 18 05:14:19 +0000 2026,"நான்கரை ஆண்டுகள் அஇஅதிமுக திட்டங்களுக்கு ஸ்டிக்கர் ஒட்டி வருவதை மட்டுமே ஒரே வேலையாக வைத்துவிட்டு, இப்போது ""காப்பி அடிக்கிறாங்க மிஸ்"" என்று அஇஅதிமுக-வைப் பார்த்து சிறுபிள்ளைத்தனமாக திமுக அமைச்சர்கள் அழுவதைப் பார்த்தால் சிரிப்பு தான் வருகிறது.

எது ஒரிஜினல்? எது காப்பி?

அம்மா மருந்தகம் ஒரிஜினல்- முதல்வர் மருந்தகம் காப்பி!

அம்மா மினி கிளினிக் ஒரிஜினல்- மக்களைத் தேடி மருத்துவம் காப்பி!

தாலிக்கு தங்கம் ஒரிஜினல்- அதை உல்டா செய்தது தானே புதுமைப் பெண் திட்டம்?

இப்படி அடுக்கிக் கொண்டே போனால், திமுக அரசு செய்ததாக சொல்வது எல்லாமே, அஇஅதிமுக திட்டங்களின் Cheap Copy தான்!

மக்கள் நலத் திட்டங்களுக்கு எப்போதுமே OG சொந்தக்காரங்க நாங்க தான்!

ஒரு குடும்பம் கொள்ளையடிக்க மட்டுமே திட்டம் போட்டு திருடும் திமுக கூட்டத்திற்கு இதெல்லாம் எப்படி தெரியும்?

மகளிருக்கு நேரடியாக நன்மைகள் சேர வேண்டும், அதுவும் பணமாக சேரவேண்டும் என்பதற்காக தான் தாலிக்கு தங்கம் திட்டத்தின் அடுத்த பரிணாமமாக பொங்கல் பரிசு திட்டத்தை நிறைவேற்றியது அஇஅதிமுக அரசு. அதன் அடுத்த கட்டமாக தான் 2021 தேர்தல் அறிக்கையில், மாதந்தோறும் மகளிருக்கு ரூ. 1500/- என அறிவித்தோம்!

மாண்புமிகு புரட்சித்தமிழர் @EPSTamilNadu சாதனைகளுக்கு ரிப்பன் வெட்டிய ""டூப்"" முதல்வர் ஸ்டாலினின் அரசு, வேறென்ன செய்து கிழித்தது?

திமுக அரசின் மாதம் ஆயிரம் ரூபாயே, அண்ணன் #எடப்பாடியார் அவர்களின் தொடர் வலியுறுத்தலுக்கு பிறகு, 28 மாதம் லேட்டா தானே ஸ்டாலின் அரசு கொடுத்தது? அதையும் இன்று வரை, சொன்னபடி அனைத்து மகளிருக்கும் கொடுக்கிறதா? தகுதி எனக் கூறி தமிழக மகளிரை இழிவு படுத்திய அரசை பெண்கள் மறந்துவிடுவார்களா?

அஇஅதிமுக தேர்தல் வாக்குறுதிகளைப் பற்றிப் பேசும் இந்த அமைச்சர்கள் யாரென்று பார்த்தால்,

ஒருவர் ஒட்டுண்ணி ரகுபதி. வாய்ப்பு ஒன்று வந்தால், தான் கட்டியிருக்கும் வேட்டியை கழற்றி விட்டு, வேறொரு வேட்டிக்கு தாவி, வானத்தைப் பார்த்து துப்பிக் கொள்ளக் கூட தயங்காத இந்த ரகுபதி எல்லாம் தேர்தல் வாக்குறுதிகளைப் பற்றி பேசலாமா?

இன்னொருவர் டி.ஆர்.பி. ராஜா. பாக்ஸ்கான் துணை கம்பெனி என்று சட்டமன்றத்திலேயே கம்பி கட்டும் கதையெல்லாம் உருட்டியவர் தானே இவர்? ""ஆளும் வளரணும், அறிவும் வளரணும், அது தான்டா வளர்ச்சி..."" என்ற புரட்சித் தலைவரின் பாடல் வரிகள் தான் நினைவுக்கு வருகிறது.

மாண்புமிகு @EPSTamilNadu அவர்கள் ஒரு வாக்குறுதி அளித்தால், அது செயலில் நடக்கும் என்று மக்களுக்கு நன்றாகத் தெரியும் என்பது திமுக-வினருக்கே தெரியும். அதனால் தான் இவ்வளவு வயிற்றெச்சல்!

நல்லா கதறுங்க அமைச்சர் சார்-களே...
இன்னும் 2 மாசம் தான்! 
Tic Toc Tic Toc... 

#EPSfor2026
#ByeByeStalin",ta,False,,139,208,28,10,2077,923849866861715456,AIADMK IT WING - SayYesToWomenSafety&AIADMK,AIADMKITWINGOFL,Official Twitter page of AIADMK IT Wing. News and updates from AIADMK.,"Chennai, India",False,True,160778,40,22626,"['எடப்பாடியார்', 'EPSfor2026', 'ByeByeStalin']",[],N/A
2012724779703312508,Sun Jan 18 03:12:36 +0000 2026,"எங்கே சென்றாலும் மக்கள் உண்மையை புரிந்து கொண்டு எதிர்த்து விரட்டுகிறார்கள். இவர்கள் மட்டும் இன்னும் “TVK. Tvk  (தீ வைக்க, தீ வைக்க) என்று கதறிக் கொண்டிருக்கிறார்கள்! https://t.co/L0HtVT93JD",ta,False,False,298,852,60,11,17290,1863452126200094720,Vaishnavi,vaishnavi_cbe,திராவிட முன்னேற்றக் கழகம் | Trustee at ButterflyCharitableTrust | School Outreach Educator & Young politician |,Coimbatore ,False,True,25616,51,1276,[],[],N/A
2012386415611666828,Sat Jan 17 04:48:04 +0000 2026,"The blatant injustice meted out to the Avila Convent School Band from Coimbatore in the South Zone School Band Competition at Hyderabad is highly condemnable. 

A team that was officially declared FIRST in the Brass Band (Girls) category, given certificates and trophy, has now been arbitrarily pushed to third place through a alleged backdoor “re‑result”, without any transparency or notice to the school or students.

This blatant manipulation of results raises serious questions about the conduct of the organisers and the role of the Telangana Government, under whose watch the original results were cancelled and a new list issued after “expert review” that mysteriously downgraded Avila Convent, Tamil Nadu. Such conduct is an insult to the hard work, discipline and merit of our daughters who won fair and square on the field.

The Government of TN cannot remain a mute spectator when our team, which legitimately earned the right to represent the State, is being denied its place in the National School Band Competition to be held on 24th January in Delhi. 

It is the duty of the TN Govt to immediately intervene with the Telangana Govt & other authorities to restore Avila Convent’s rightful position.

The Telangana Govt must ensure complete transparency, publish the basis of this so‑called re‑evaluation, and guarantee that the original winners are not sacrificed to backroom lobbying, if any. 

The young girls of Avila Convent have made Tamil Nadu proud; now it is the Govt of Tamil Nadu's responsibility to stand by them and ensure they march in Delhi with their heads held high.",en,False,False,1437,4723,60,16,70754,61121030,K.Annamalai,annamalai_k,அறம் செய்ய விரும்பு. BJP Karyakartha.,India,False,True,1011790,886,18286,[],[],N/A
2012721553004429634,Sun Jan 18 02:59:47 +0000 2026,"During election time, DMK is planning to create fights between Thala and Thalapathy fans and use it to for gain votes. 

Even if we fight among ourselves, AK's support is only for TVK, and Thala fans are also going to vote only for TVK. 

VIJAY × AK 🫂♥️&gt;
https://t.co/5mVYXwpAW5",en,False,False,181,799,82,36,17936,993408059325255680,KERALA VIJAY FANS CLUB,KVFC_Official,Dawning from kerala to Eulogize Samrat @actorvijay ! Stay connected with kerala strongest Thalapathy Vijay's Online Promotion Team - #KVFC.,kerala 🌴,False,True,99487,121,21199,[],[],N/A
2012746128694145473,Sun Jan 18 04:37:26 +0000 2026,அதிமுக  வட சென்னை முன்னாள் மாவட்ட செயலாளர் VS. பாபு  தவெக வில்  ஐயா  @KASengottaiyan  முன்னிலையில் இணைந்தார் விரைவில் தலைவர் @TVKVijayHQ  சந்தித்து  கட்சியில் 2000 பேர்  இணைப்பதாக கூறியுள்ளார் 👍🏾 https://t.co/pbEZ1M8tI9,ta,False,False,252,884,2,1,12706,1755630831463526400,VIJAY VIGNESH 🇪🇦 TVK 🇪🇦,VigneshVic67385,"Engineering ..... from #BLR ❤️ TVK Member 🙋‍♂️ #politics 
  
*பிறப்பொக்கும்  எல்லா உயிர்க்கும் -திருவள்ளுவர் *",Bangalore ,False,True,5301,2035,46593,[],[],N/A
2006421311636275680,Wed Dec 31 17:44:52 +0000 2025,நியாயத்தைக் கேட்கும் பாஜக பெண் கவுன்சிலரை ஒருமையில் பேசி அவமானப்படுத்தும் அராஜக திமுக கவுன்சிலர்! https://t.co/NHy8YYIjJ0,ta,False,False,543,1297,24,7,17522,1627576116616765442,En Mann En Makkal,EnMannEnMakkal,"My Land, My People | Official Handle of Thalaivar Thiru K Annamalai’s Yatra | Come, let us ignite a political revolution in Tamil Nadu! | #VendumMeendumModi",Tamilnadu,False,True,31408,9,6153,[],[],N/A
2012735255170658725,Sun Jan 18 03:54:14 +0000 2026,"ஆதமங்கலம் புதூர் மஞ்சுவிரட்டில் #TVK TVK என கோஷமிட்ட மக்கள் 🤯🔥 

திமுககாரன் செம்ம காண்டுல இருக்கான் போல எதும் செய்ய முடியாம 😂 
#TVKforTN https://t.co/7yNWPGhr12",ta,False,False,280,876,1,2,7006,1866396922862604288,𝐓𝐕𝐊 𝐃𝐢𝐧𝐬𝐡𝐮,TVK_Dinshu,Hills💚 #Cyberophile | Loyal to @actorvijay ♥️ | BGMI : 5223975779,"Sholinganallur, Chennai ",False,False,3995,614,38952,"['TVK', 'TVKforTN']",[],N/A
2012141319070564704,Fri Jan 16 12:34:08 +0000 2026,"The people of Mumbai have spoken with crystal clarity! The historic victory of the Mahayuti alliance in the BMC elections is a resounding endorsement of development-first governance. 

From the grassroots of local bodies to the halls of the parliament, this is the Triple Engine that delivers real, tangible development for every citizen. While the opposition trafficked in divisive narratives aimed at fragmenting the people, Mumbai chose unity, progress, and inclusive growth.

Extending my heartfelt congratulations to Maharashtra CM Thiru @Dev_Fadnavis avl and Dy CM Thiru @mieknathshinde avl, karyakarthas of BJP and leaders of the Mahayuti Alliance for this astounding victory. Under our Hon. PM Thiru @narendramodi avl’s visionary central policies and the brilliant state administrators, Mumbai is setting benchmarks in infrastructure, urban development, and citizens' welfare. The people have rewarded this governance with their vote.

The opposition was banking on the failed strategy of dividing Mumbaikars along linguistic and regional lines, a 20th-century relic the people soundly rejected. While our NDA government talks about development infrastructure, jobs, and growth, the opposition clung to an archaic narrative of regional animosity. Mumbaikars chose substance over divisiveness.

@AmeetSatam @BJP4Mumbai @Shivsenaofc",en,False,False,3653,20757,346,47,216866,61121030,K.Annamalai,annamalai_k,அறம் செய்ய விரும்பு. BJP Karyakartha.,India,False,True,1011790,886,18286,[],[],N/A
1998302155212820851,Tue Dec 09 08:02:15 +0000 2025,அரசு வேலைக்கு லஞ்சம்! திமுக ஆட்சியில் தொடரும் மெகா ஊழல்! https://t.co/f700e3OOuY,ta,False,False,158,411,7,2,3345,1627576116616765442,En Mann En Makkal,EnMannEnMakkal,"My Land, My People | Official Handle of Thalaivar Thiru K Annamalai’s Yatra | Come, let us ignite a political revolution in Tamil Nadu! | #VendumMeendumModi",Tamilnadu,False,True,31408,9,6153,[],[],N/A
2012704121439297578,Sun Jan 18 01:50:31 +0000 2026,"பாவம் டா அந்த ஆளு, இப்படி நெஞ்ச புடிச்சிட்டு உட்கார வச்சிட்டீங்களே..😂😂😂

#TVK #JanaNayagan @TVKVijayHQ https://t.co/ZWfe9eTW5q",ta,False,False,567,2352,16,5,47532,1314086899368095745,Ꮮᴇɢᴇɴᴅᵀⱽᴷ,LegenD_AK_tweet,"TVK🇪🇸 Virtual Warriors WING, தல ரசிகன் தளபதி தொண்டன்🫶 ,Ajith Kumar Racing Fanclub🏎️(Chemist👨‍🔬, Quality Control🥼⚗️🧪)",Malaysia,False,False,3408,2366,8543,"['TVK', 'JanaNayagan']",[],N/A
2007402047415661046,Sat Jan 03 10:41:58 +0000 2026,"As the season arrives, our beloved Bull sets off on a two-month journey, taking part in various Jallikattu events across the region.

With pride in our hearts and a tinge of sadness, we gave him a warm send-off from our farm today. 

Will shall now eagerly wait for his glorious return!",en,False,False,1426,7793,91,16,88116,61121030,K.Annamalai,annamalai_k,அறம் செய்ய விரும்பு. BJP Karyakartha.,India,False,True,1011790,886,18286,[],[],N/A
2008825238595990004,Wed Jan 07 08:57:13 +0000 2026,"திருப்பூர் பெருமாநல்லூரில் குமரன் குன்று முருகப் பெருமான் கோவிலை இடித்து தன் ‘திராவிட மாடல் கடமை’யை செய்யும் திமுக அரசு ! 

சொரணை கெட்ட தமிழ் சமூகம் தமிழகத்தில் இரண்டாம் தர குடிமக்களாக இருப்பதைக் கூட உணராமல் உள்ளோம் ! https://t.co/d8H3cdNxYR",ta,False,False,1265,2662,127,33,43080,428095455,Ashvathaman Allimuthu,asuvathaman,"State Secretary TN BJP, founder Project TamilAi, founder Integral Humanism Foundation, Partner Ashvathaman Associates, director-ledge & law, Director-DEFFO TECH","Tamil Nadu, India",False,True,99593,419,8057,[],[],N/A
1996254748459299117,Wed Dec 03 16:26:35 +0000 2025,"சொரணையுள்ள தமிழன் எவனும் …

@blsanthosh @MenonArvindBJP @ReddySudhakar21 @NainarBJP @KesavaVinayakan @annamalai_k https://t.co/gvqBCq2WWt",ta,False,False,949,3275,733,149,213098,428095455,Ashvathaman Allimuthu,asuvathaman,"State Secretary TN BJP, founder Project TamilAi, founder Integral Humanism Foundation, Partner Ashvathaman Associates, director-ledge & law, Director-DEFFO TECH","Tamil Nadu, India",False,True,99593,419,8057,[],[],N/A
1991855588020732176,Fri Nov 21 13:05:53 +0000 2025,"தமிழ் எப்படி தமிழர்களுக்கு சொந்தமான மொழியோ, அதேபோல சமஸ்கிருதமும் தமிழர்களுக்கு சொந்தமான மொழியே ! 

@narendramodi @AmitShah @rajnathsingh @nsitharaman @AshwiniVaishnaw

@blsanthosh @MenonArvindBJP @ReddySudhakar21 @NainarBJP @KesavaVinayakan @annamalai_k https://t.co/WIUFG5z4LS",ta,False,False,241,735,435,79,76617,428095455,Ashvathaman Allimuthu,asuvathaman,"State Secretary TN BJP, founder Project TamilAi, founder Integral Humanism Foundation, Partner Ashvathaman Associates, director-ledge & law, Director-DEFFO TECH","Tamil Nadu, India",False,True,99593,419,8057,[],[],N/A
2007842575273890022,Sun Jan 04 15:52:28 +0000 2026,"கொடுத்த வாக்குறுதி பட்டியலில் குறைவான வாக்குறுதிகளை மட்டுமே நிறைவேற்றிய அரசு ஒன்று உண்டென்றால் அது தமிழகத்தில் உள்ள திமுக அரசு தான்.

தமிழகத்தில் தமிழக பெண்கள் தாய்மார்களின் பாதுகாப்பிற்கு எந்த உத்திரவாதமும் இல்லை. தமிழக அரசுக்கு ஒரே ஒரு எண்ணம் தான். அது ஸ்டாலின் மகன் உதயநிதியை முதல்வர் ஆக்கவேண்டும் என்பது தான்.

நான் இன்று தமிழக மக்களுக்கு இதை கூற வந்துள்ளேன். தமிழகத்தில் நடந்து வரும் குடும்ப அரசியலை ஒழித்துக்கட்ட நேரம் வந்துவிட்டது - 'தமிழகம் தலை நிமிர தமிழனின் பயணம்' யாத்திரை நிறைவு விழாவில் உரையாற்றிய நமது மாண்புமிகு உள்துறை அமைச்சர் திரு @AmitShah அவர்கள்.",ta,False,False,897,2837,56,8,26062,61121030,K.Annamalai,annamalai_k,அறம் செய்ய விரும்பு. BJP Karyakartha.,India,False,True,1011790,886,18286,[],[],N/A
2006346755684839566,Wed Dec 31 12:48:37 +0000 2025,"மகிழ்ச்சிகரமான புத்தாண்டு தருணத்தில், அனைவருக்கும் இதயங்கனிந்த அன்பான நல்வாழ்த்துக்கள்! 2026-ஆம் ஆண்டின் விடியல், புதுப்பிக்கப்பட்ட நம்பிக்கையையும், புதிய வாய்ப்புகளையும், வலுவான உறுதியையும் உருவாக்கி, நமது வாழ்க்கையை மகிழ்ச்சி, நல்ல ஆரோக்கியம் மற்றும் செழிப்புடன் நிரப்பட்டும். ஒற்றுமையையும் சமூக நல்லிணக்கத்தையும் நிலைநிறுத்துவதற்கும், நிலையான மற்றும் அனைவரையும் உள்ளடக்கிய வளர்ச்சியடைந்த பாரதத்தை உருவாக்குவதற்காக ஒன்றிணைந்து முன்னேறவும் நமது கூட்டுறுதியை மீண்டும் உறுதிப்படுத்திக் கொள்வோம்.
#புத்தாண்டு2026",ta,False,False,58,312,29,2,3391,1449331892537348096,"LOK BHAVAN, TAMIL NADU",lokbhavan_tn,"Official Twitter Account of Lok Bhavan, Tamil Nadu.","Lok Bhavan, Chennai",False,True,82506,146,6299,['புத்தாண்டு2026'],[],N/A
1997853030952374518,Mon Dec 08 02:17:35 +0000 2025,"சொங்கியா இருப்பதைவிட சங்கியா இருந்துட்டு போறோம் போங்கடா ! 

இதுதான் இப்போது தமிழகம் சொல்கிற வார்த்தை ! https://t.co/QNm6V08VlS",ta,False,False,382,1292,58,5,9675,428095455,Ashvathaman Allimuthu,asuvathaman,"State Secretary TN BJP, founder Project TamilAi, founder Integral Humanism Foundation, Partner Ashvathaman Associates, director-ledge & law, Director-DEFFO TECH","Tamil Nadu, India",False,True,99593,419,8057,[],[],N/A
2012447581356667388,Sat Jan 17 08:51:07 +0000 2026,"கடந்த 2021 ஆம் ஆண்டு தேர்தலில், ஜல்லிக்கட்டு காளைகளை வளர்ப்போருக்கு ஊக்கத்தொகையாக, மாதம் 1000 ரூபாய் வழங்கப்படும் என்று வாக்குறுதி கொடுத்தார் முதலமைச்சர் திரு @mkstalin அவர்கள். ஆகா, தமிழ்ப் பண்பாட்டை ஊக்குவிக்கப் போகிறார் என்று அனைவரும் நினைத்தோம். ஆட்சிக்கு வந்து ஐந்து ஆண்டுகள் கடந்து விட்டன. இதுவரை, ஒரு ரூபாய் கூடக் கொடுக்கவில்லை. இந்த நிலையில் இன்று, மாடுபிடி வீரர்களுக்கு அரசு வேலையில் முன்னுரிமை கொடுக்கப் போகிறோம் என்று மற்றுமொரு ஏமாற்று அறிவிப்பை வெளியிட்டிருக்கிறார் முதலமைச்சர் திரு @mkstalin. 

ஏற்கனவே, ஜல்லிக்கட்டு காளைகள் வளர்ப்பவர்கள் ஒவ்வொருவருக்கும், இந்த ஐந்து ஆண்டுகளில், கொடுக்கப்பட வேண்டிய சுமார் ₹60,000 ஊக்கத்தொகை எப்போது வருமென்று தெரியவில்லை. இப்படி தொடர்ந்து வெற்று வாக்குறுதிகள் கொடுத்து யாரை ஏமாற்றலாம் என்று எண்ணிக் கொண்டிருக்கிறார் முதலமைச்சர் என்பது தெரியவில்லை.

முதலமைச்சர் திரு @mkstalin அவர்களுக்குப் பிடித்த ""பேரு பெத்த பேரு, தாக நீலு லேது"" என்ற தெலுங்குப் பழமொழி, திமுகவின் தேர்தல் வாக்குறுதிகளுக்கு முழுமையாகப் பொருந்தும்.",ta,False,False,1003,2700,77,24,62076,61121030,K.Annamalai,annamalai_k,அறம் செய்ய விரும்பு. BJP Karyakartha.,India,False,True,1011790,886,18286,[],[],N/A
2011942634571337753,Thu Jan 15 23:24:38 +0000 2026,"விஜய் கிட்ட என்ன இருக்கு ஏன் மக்கள் வாக்களிக்கணும்??

ஆனந்த்ஜித் - C-R-E-D-I-B-L-I-T-Y 

My Man is PURE GOLD 💥💥💥
@TVKVijayHQ #TVKForTN https://t.co/klyvXZQKYF",ta,False,False,1090,3727,17,3,43778,1866963858583326724,TVK 𝚂qυα∂💥,TVKVijay24x7,"ɪ'ʟʟ ᴍᴀᴛᴄʜ ʏᴏᴜʀ ʀᴇꜱᴘᴇᴄᴛ, ʙᴜᴛ ɪ'ʟʟ ᴛᴏᴘ ʏᴏᴜʀ ᴅɪꜱʀᴇꜱᴘᴇᴄᴛ
#ᴛᴠᴋ ˢᵒᶜⁱᵃˡ ᴹᵉᵈⁱᵃ ᶜᵒ ᶜᵒ⁻ᴼʳᵈⁱⁿᵃᵗᵒʳ ᵀᴴᴬᴺᴶᴬⱽᵁᴿ &ᵁˢ ᶻᵒⁿᵉ ʙᴀᴄᴋᴜᴘ-@ghilli2004 ᴍᴏᴠɪᴇ ʀᴇᴠɪᴇᴡꜱ @ReelsThirai","Halifax, Nova Scotia (TN68)",False,True,13201,175,15069,['TVKForTN'],[],N/A
2012721497291563461,Sun Jan 18 02:59:34 +0000 2026,"தமிழ்நாட்டு மக்களால அமைச்சரான @KN_NEHRU ஏன் இங்க இருக்க கோயிலுக்கு காசு கொடுத்து சோறு போடக்கூடாதா? திருப்பதில தான் போடணுமா?  சங்கரன்கோவில் சட்டமன்ற தொகுதியில் நேற்று நான் பேசியதில் ஒரு பதிவு! 

@TVKVijayHQ | @BussyAnand 
#தமிழகவெற்றிக்கழகம்‌ https://t.co/OtL0Pctlao",ta,False,False,385,1065,8,2,9560,2820227904,TVK Ramesh,RameshOffcl,"மாநில ஒருங்கிணைப்பாளர்,  ஊடகம் மற்றும் செய்தித் தொடர்பு அணி
- தமிழக வெற்றிக் கழகம்.",Chennai,False,True,28163,2510,13136,['தமிழகவெற்றிக்கழகம்\u200c'],[],N/A
2011857125312770465,Thu Jan 15 17:44:51 +0000 2026,"Indigo CAPTAIN : நாளைக்கு படத்துக்கு போகலாம்னு இருந்தேன், ஆன படம் Release ஆகலேயே.. 💔🥹

#JanaNayagan | #Pongal2026 https://t.co/xmGWJdNga3",ta,False,False,1439,6774,7,1,81674,1014133190993170432,Prakash Vijay,PrakazVijay_Of,"Online Promoter Of @ActorVijay 💼 | HD, UHD, Enlarge, 4K Stills Portal 🛍️ | @JustinBieber World 🌍 | Cinema Lover 🎞️🎥 | Account Handled By Admins 🧑🏻‍💻","Chennai, India",False,False,13432,241,327718,"['JanaNayagan', 'Pongal2026']",[],N/A
2012147127028449398,Fri Jan 16 12:57:13 +0000 2026,"The people of Maharashtra have given a decisive verdict! The Mahayuti alliance’s sweeping success in the local body polls is a powerful mandate for purposeful, performance-driven governance.

From villages to metro cities, people’s trust in the triple-engine leadership stands testimony to a politics rooted in progress, not baseless divisive propaganda.

Congratulations to Hon. CM of MH, Thiru @Dev_Fadnavis, under whose dynamic leadership, governance has been redefined at every level and to all karyakarthas of @BJP4Maharashtra. Guided by Hon. PM Thiru @narendramodi avl’s transformative vision, Maharashtra is fast emerging as a global powerhouse.

@RaviDadaChavan @Shivsenaofc",en,False,,4098,23174,381,39,311730,61121030,K.Annamalai,annamalai_k,அறம் செய்ய விரும்பு. BJP Karyakartha.,India,False,True,1011790,886,18286,[],[],N/A
2011854348276638180,Thu Jan 15 17:33:49 +0000 2026,"இந்தாளு அசிங்க படுறதுக்கே போயிருக்காரு 😹🤣🤣
#தீயசக்தி_திமுக https://t.co/eJUjwIHCrZ",ta,False,False,182,519,3,5,8192,1671584699905638400,TVK Virtual Warriors HQ,TVKWarriorsHQ,"The Official Virtual Warriors Team for Thalaivar

@TVKVijayHQ |

TVK - #தமிழகவெற்றிக்கழகம்

|#TVKVijay | பிறப்பொக்கும் எல்லா

உயிர்க்கும்",tamilnadu,False,True,6071,12,7540,['தீயசக்தி_திமுக'],[],N/A
2011696164371058864,Thu Jan 15 07:05:15 +0000 2026,பொங்கலோ பொங்கல்! https://t.co/dlnvnuqrPS,ta,False,False,2788,21941,379,39,179557,61121030,K.Annamalai,annamalai_k,அறம் செய்ய விரும்பு. BJP Karyakartha.,India,False,True,1011790,886,18286,[],[],N/A
2012738715563729121,Sun Jan 18 04:07:59 +0000 2026,திரும்பும் திசை எங்கும் தவெக 🔥 https://t.co/O31Le7hQ6x,ta,False,False,339,1291,3,1,7136,1866396922862604288,𝐓𝐕𝐊 𝐃𝐢𝐧𝐬𝐡𝐮,TVK_Dinshu,Hills💚 #Cyberophile | Loyal to @actorvijay ♥️ | BGMI : 5223975779,"Sholinganallur, Chennai ",False,False,3995,614,38952,[],[],N/A
2011014714441306453,Tue Jan 13 09:57:25 +0000 2026,"Qualifications of @annamalai_k:
12th: 94%
BEng: 84%
UPSE rank: 244
CAT score: 99.32
PGDM: IIM Lucknow
Chevening Fellow: Oxford
Superintendent of Police
Deputy Commissioner of Police
State President, Tamil Nadu BJP

Qualifications of @AUThackeray:
Dynast. https://t.co/X2Tbtx86BY",en,False,False,14008,44136,1987,401,1083910,1344897174,Anand Ranganathan,ARanganathan72,Author: Land of the Wilted Rose; Love and Honour; Rat Eater; Soufflé; Hindus in Hindu Rashtra. Consulting Editor: Swarajya. RT ≠ Endorsement,,False,True,1357861,2036,2395,[],[],N/A
2009592993716781466,Fri Jan 09 11:48:00 +0000 2026,"கல்வியில் சிறந்த தமிழ்நாடு என்று தம்பட்டம் அடித்து விட்டு, கல்வி சொல்லிக் கொடுக்கும் ஆசிரியர்களை வஞ்சிக்கும் திமுக அரசு! https://t.co/fTX5WyHms5",ta,False,False,143,138,1,8,1238,1627576116616765442,En Mann En Makkal,EnMannEnMakkal,"My Land, My People | Official Handle of Thalaivar Thiru K Annamalai’s Yatra | Come, let us ignite a political revolution in Tamil Nadu! | #VendumMeendumModi",Tamilnadu,False,True,31408,9,6153,[],[],N/A
2012691659578888624,Sun Jan 18 01:01:00 +0000 2026,"DMK is opposing Navodaya school because Navodaya is giving seats only for Brahmins, SC, ST people. BC and MBC students cant join due to ""New reservation"", says DMK Speaker Prasanna.

Spreading lies in open stage is the reason why DMK is getting whopped all around India.💀 https://t.co/cTvehot883",en,False,False,496,1869,29,13,41216,1213203837118369793,Sanghi Prince 🚩,SanghiPrince,"Pravinraj | 28 | Unapologetic Hindu | State Secretary, Social Media, @BJP4Tamilnadu | Compiler of the scheme book “Modi's NEW INDIA” | WA 9488989026","India, TamilNadu, Namakkal",False,True,55332,1412,113066,[],[],N/A
2008840527152844878,Wed Jan 07 09:57:58 +0000 2026,"Running away from questions is all you have done for the last 6 years. Unlike you, I have answered the accusations aimed at me propagated by vicious elements like you and have not run away from them. 

And FYKI, this news was initially published by Tamil News Channels, which were on the ground as witnesses to the incident. 

The people of our State want to know what stopped your alliance from fulfilling your election promise of 150 days of work under the VB G-RAM-G (MGNREG) Scheme. 

If these are not running away from questions, what is? 

Will you label these people as drunk as well?",en,True,False,1961,5429,86,29,159045,61121030,K.Annamalai,annamalai_k,அறம் செய்ய விரும்பு. BJP Karyakartha.,India,False,True,1011790,886,18286,[],[],N/A
2012749881987739942,Sun Jan 18 04:52:21 +0000 2026,"TVK🇪🇸 மஞ்சுவிரட்டு போட்டி🐂🔥

📍தர்மபுரி #TVK https://t.co/4BFUkG8QOp",ta,False,False,153,618,4,1,4576,1314086899368095745,Ꮮᴇɢᴇɴᴅᵀⱽᴷ,LegenD_AK_tweet,"TVK🇪🇸 Virtual Warriors WING, தல ரசிகன் தளபதி தொண்டன்🫶 ,Ajith Kumar Racing Fanclub🏎️(Chemist👨‍🔬, Quality Control🥼⚗️🧪)",Malaysia,False,False,3408,2366,8543,['TVK'],[],N/A
2007842870649356607,Sun Jan 04 15:53:38 +0000 2026,"ஐந்து வருஷத்தில் ஐந்தாயிரம் ரூபாய் கொடுத்துவிட்டு எங்க தல மேல 2.5 லட்சம் கடன் சுமையை ஏற்றி இருக்கிறது திமுக அரசு - @annamalai_k

அரசியலில் மக்கள் பிரச்சனையை தரவுகளோடு சாமானிய மக்களுக்கு புரியும்படி பேசுவதற்கு அண்ணாமலையாரை விட்டால் வேற ஆள் இல்லை. 🔥🔥🔥

வைகோ,சீமான், மாதிரி இங்க பிரச்சனைகளைப் பற்றி பேசி உசுப்பேத்த நிறைய அரசியல் தலைவர்கள் இருந்தாங்க இருக்காங்க ஆனால் பிரச்சனையுடன் தீர்வையும் வைத்துக்கொண்டு எதார்த்த அரசியல் செய்ய உங்க அண்ணாமலையார் மட்டும் தான் இருக்காரு 🔥🔥🔥

இனிமேலாவது மத்திய தலைமை நல்ல முடிவுகளை மட்டுமே எடுக்கும் என்ற நம்பிக்கையுடன் வழக்கம்போல் காத்திருக்கும் ஒரு சாதாரண பாஜக ஆதரவாளர். 🙏

#Annamalai #TNWelcomesAmitShah",ta,False,False,421,1091,15,2,34347,90805156,Johny Bhai(அண்ணாமலையின் வார் ரூம்)🇮🇳,Johni_raja,"Follower of Guru NAMO Ji,Proud Hindu, Ayyappa Swamy Devotee,Extreme Patriot,Proud Member Of RSS,Def Enthusiast,Anti DMK","தொண்டை நாடு/வேலூர், Las Vegas ",False,True,31703,4442,245473,"['Annamalai', 'TNWelcomesAmitShah']",[],N/A
2011833008299573414,Thu Jan 15 16:09:01 +0000 2026,"இந்தாள் என்னடா படிச்சிருக்கான் ?! 

லேப்டாப்ல Wallpaper மாத்தலான்ற அறிவு கூட தெரியாதா 😆

#தீயசக்தி_திமுக https://t.co/y88DJQufSJ",ta,False,False,350,1187,23,4,21492,633760630,BOSS TVK ❤️💛❤️,BossTVK,"சமூக ஊடக அணி வேலூர் மண்டல இணை ஒருங்கிணைப்பாளர் |
பிறப்பொக்கும் எல்லா உயிர்க்கும் |மதசார்பற்ற சமூகநீதி|
#TVK  | என்றும் தலைவர் விஜய் வழியில்|
அரசியல் பழகு",Tamilnadu,False,False,4840,565,9996,['தீயசக்தி_திமுக'],[],N/A
1996531329274646841,Thu Dec 04 10:45:37 +0000 2025,திருப்பரங்குன்றம் விவகாரத்தில் திமுக அரசின் கீழ்த்தரமான அரசியல்! https://t.co/Bzbxzoc4pQ,ta,False,False,253,671,31,3,5689,1627576116616765442,En Mann En Makkal,EnMannEnMakkal,"My Land, My People | Official Handle of Thalaivar Thiru K Annamalai’s Yatra | Come, let us ignite a political revolution in Tamil Nadu! | #VendumMeendumModi",Tamilnadu,False,True,31408,9,6153,[],[],N/A
2011481425703305480,Wed Jan 14 16:51:58 +0000 2026,"அண்ணா என்று சொன்னாலே மக்களுக்கு அதிமுக தான் நினைவுக்கு வரும். ஈவேரா என்றால் தான் திமுக நினைவுக்கு வரும். 

எப்படி திமுக காசு போட்டு பராசக்தி படம் எடுத்து அதிமுகவுக்கு ப்ரோமோஷன் செய்யுறாங்கனு தெர்ல!?

@blsanthosh @NainarBJP @KesavaVinayakan https://t.co/nptrmUnlba",ta,False,False,215,785,62,3,12092,428095455,Ashvathaman Allimuthu,asuvathaman,"State Secretary TN BJP, founder Project TamilAi, founder Integral Humanism Foundation, Partner Ashvathaman Associates, director-ledge & law, Director-DEFFO TECH","Tamil Nadu, India",False,True,99593,419,8057,[],[],N/A
1998747710783193390,Wed Dec 10 13:32:43 +0000 2025,"மகாகவி சுப்பிரமணிய பாரதியாரின் பிறந்தநாள் நாடு முழுவதும் பாரதிய மொழிகள் தினம் ஆக கொண்டாடப்படும் நிலையில், பள்ளி மற்றும் கல்லூரி மாணவர்களுக்கான மாநில அளவிலான மூன்றாம் பதிப்பு கட்டுரைப் போட்டியின் முடிவுகளை தமிழ்நாடு மக்கள் மாளிகை பெருமையுடன் அறிவிக்கிறது.

இந்திய மொழியியல் பன்முகத்தன்மையை வளர்த்தெடுப்பதன் மூலமும், இளைஞர்களிடையே இந்தியாவின் நீடித்த ஆன்மிகம் மற்றும் கலாசார பாரம்பரியத்தை வளர்த்தெடுப்பதன் மூலமும் மகாகவி பாரதியாரின் எழுச்சியூட்டும் மரபைக் கொண்டாட மக்கள் மாளிகை மேற்கொள்ளும் முயற்சியே இந்த வருடாந்திரப் போட்டியாகும்.

அனைத்து பங்கேற்பாளர்களின் உற்சாகமான பங்கேற்புக்காக மனமார்ந்த வாழ்த்துக்கள் மற்றும் வெற்றியாளர்களுக்கு சிறப்பு பாராட்டுகள்.

#மகாகவிபாரதியார் #பாரதியமொழிகள்தினம் #ஒரேபாரதம்உன்னதபாரதம் #போட்டி #ஆளுநர்ரவி #மக்கள்மாளிகைதமிழ்நாடு",ta,False,False,53,222,9,1,2199,1449331892537348096,"LOK BHAVAN, TAMIL NADU",lokbhavan_tn,"Official Twitter Account of Lok Bhavan, Tamil Nadu.","Lok Bhavan, Chennai",False,True,82506,146,6299,"['மகாகவிபாரதியார்', 'பாரதியமொழிகள்தினம்', 'ஒரேபாரதம்உன்னதபாரதம்', 'போட்டி', 'ஆளுநர்ரவி', 'மக்கள்மாளிகைதமிழ்நாடு']",[],N/A
1995857614958461385,Tue Dec 02 14:08:31 +0000 2025,"கார்த்திகை தீபத் திருநாளில், எனது அனைத்து சகோதரிகளுக்கும், சகோதரர்களுக்கும் மனமார்ந்த வாழ்த்துக்கள்.

அருணாசலேஸ்வரரின் தெய்வீக சுடரொளி, இருளை அகற்றி, நம் மனதை ஞானத்தால் ஒளிரச் செய்து, கருணை, நல்லொழுக்கம் மற்றும் ஒற்றுமையின் நீதிசார் பாதையில் நம்மை வழிநடத்தட்டும்.

இந்த பிரகாசமான பண்டிகை ஒவ்வொரு வீட்டிலும் நம்பிக்கையைத் தூண்டட்டும், நமது சமூகத்தில் நல்லிணக்கத்தை வளர்க்கட்டும், புதுப்பிக்கப்பட்ட வலிமை, நல்ல ஆரோக்கியம், நேர்மறை சக்தி ஆகியவற்றை நமக்கு அருளட்டும். அமைதியான மற்றும் வளமான பாரதத்தை கட்டியெழுப்புவதற்கான நமது பொதுவான உறுதிப்பாட்டை ஆழப்படுத்தட்டும்.
#கார்த்திகைதீபம்",ta,False,False,364,1567,31,5,17064,1449331892537348096,"LOK BHAVAN, TAMIL NADU",lokbhavan_tn,"Official Twitter Account of Lok Bhavan, Tamil Nadu.","Lok Bhavan, Chennai",False,True,82506,146,6299,['கார்த்திகைதீபம்'],[],N/A
2009896628631810402,Sat Jan 10 07:54:32 +0000 2026,"திமுக கொடுத்த தேர்தல் வாக்குறுதிகள் குறித்து, முதலமைச்சர் திரு @mkstalin,  ஒவ்வொரு வாரமும், ஒவ்வொரு சதவீத கணக்கைக் கூறி வருகிறார். ஆனால் பகுதி நேர ஆசிரியர்கள், தங்களுக்குக் கொடுத்த தேர்தல் வாக்குறுதியை அவருக்கு நினைவூட்ட, வாக்குறுதி எண் 181-ஐ, நெற்றியில் எழுதிப் போராடும் நிலைக்குத் தள்ளப்பட்டிருக்கிறார்கள்.

கடந்த 2016 தேர்தலிலேயே, பகுதி நேர ஆசிரியர்களுக்குப் பணி நிரந்தரம் செய்வோம் என்று தேர்தல் வாக்குறுதியாகக் கொடுத்து, அவர்கள் போராட்டத்துக்கு நேரில் சென்று ஆதரவளித்த அப்போது எதிர்க்கட்சியாக இருந்த முதலமைச்சர் திரு @mkstalin,   ஆட்சிக்கு வந்த பிறகு அவர்களை முற்றிலுமாகப் புறக்கணித்து வருகிறார். 

கடந்த ஐந்து ஆண்டுகளாக, 10% வாக்குறுதிகளைக் கூட முழுமையாக நிறைவேற்றாமல், அடுத்த தேர்தலுக்கு வாக்குறுதி அளிக்க, தனது தங்கை தலைமையில் குழு அமைத்திருக்கிறார் முதலமைச்சர் திரு @mkstalin. திமுக தமிழக மக்களை எத்தனை ஏளனமாகப் பார்க்கிறது என்பதற்கு இது ஒரு எடுத்துக்காட்டு. 

திமுகவின் நம்பிக்கை மோசடிக்கு, 2026 தேர்தலில் தமிழக மக்கள் உரிய பதிலடி கொடுப்பார்கள்.",ta,False,False,692,1790,24,6,20515,61121030,K.Annamalai,annamalai_k,அறம் செய்ய விரும்பு. BJP Karyakartha.,India,False,True,1011790,886,18286,[],[],N/A
1989946440018526413,Sun Nov 16 06:39:37 +0000 2025,"Dear @RahulGandhi,

In the 2026 Tamil Nadu election campaign, please don’t disappear to Thailand, Bangkok, or England.
Do come to Tamil Nadu and campaign — it will greatly help ensure a BJP–NDA victory.

@narendramodi @AmitShah @rajnathsingh @nsitharaman @AshwiniVaishnaw

@blsanthosh @MenonArvindBJP @ReddySudhakar21 @NainarBJP @KesavaVinayakan @annamalai_k",en,False,False,330,1628,108,12,29328,428095455,Ashvathaman Allimuthu,asuvathaman,"State Secretary TN BJP, founder Project TamilAi, founder Integral Humanism Foundation, Partner Ashvathaman Associates, director-ledge & law, Director-DEFFO TECH","Tamil Nadu, India",False,True,99593,419,8057,[],[],N/A
1998747757906112837,Wed Dec 10 13:32:55 +0000 2025,"On the eve of Mahakavi Subramania Bharathiar’s birth anniversary, celebrated nationwide as Bharatiya Bhasha Diwas, Lok Bhavan, Tamil Nadu, proudly announces the results of the third edition of the State-Level Essay Competition for school and college students.

This annual competition is Lok Bhavan’s initiative to celebrate Mahakavi Bharathiar’s inspiring legacy by fostering India’s linguistic diversity and nurturing India’s enduring spiritual and cultural heritage among the youth.

Heartiest congratulations to all participants for their enthusiastic participation and special congratulations to the winners. 

#MahakaviBharathiar #BharatiyaBhashaDiwas #EkBharatShreshtaBharat #Competition #GovernorRavi #LokBhavanTN",en,False,False,41,146,2,0,2287,1449331892537348096,"LOK BHAVAN, TAMIL NADU",lokbhavan_tn,"Official Twitter Account of Lok Bhavan, Tamil Nadu.","Lok Bhavan, Chennai",False,True,82506,146,6299,"['MahakaviBharathiar', 'BharatiyaBhashaDiwas', 'EkBharatShreshtaBharat', 'Competition', 'GovernorRavi', 'LokBhavanTN']",[],N/A
2011838255034220582,Thu Jan 15 16:29:52 +0000 2026,திருவல்லிக்கேணி நடுக்குப்பம்  பகுதி யில் மீனவர் அணி சார்பில் தவெக கோலம். @BussyAnand @Chepauktvk_offl @TVKVijayHQ https://t.co/m4x2k1sDZY,ta,False,False,166,1005,1,0,7258,1510509374183075841,Chepaukdilip tvk,rkdiliptvk,"வழக்கறிஞர் R.திலீப்குமார் 
மாவட்டக் கழகச் செயலாளர்
சென்னை மத்திய தெற்கு தமிழக வெற்றிக் கழகம்.சேப்பாக்கம் திருவல்லிக்கேணி தொகுதி.",,False,False,1930,106,1039,[],[],N/A
2011825365212414182,Thu Jan 15 15:38:39 +0000 2026,"விஜய் அவர்கள் 70 வயதில் நடிப்பதை விட்டுவிட்டு வரவில்லை PEAK-ல இருக்கும்போது வந்திருக்கார்.. அதுவும் இனிமே நடிக்க மாட்டேன்னு வந்திருக்கார்..

இவரை மாதிரி யாரும் வந்ததில்லை.. https://t.co/7Nm0IgnV7i",ta,False,False,90,303,5,1,3175,875024842814242816,TVK WORLD,TVK_WORLD,#தமிழகவெற்றிக்கழகம்  maintaining by @official_Tvmp Team | Admin - @Eniyavan_offi26,India,False,True,72496,9,8047,[],[],N/A
2011786216652620151,Thu Jan 15 13:03:05 +0000 2026,"வர வர Debate லாம் பார்த்தா 
DMK Ruling party ahh!! இல்ல TVK Ruling party ahh Nae தெரியலையே பா !! 🤔... வெறும் TVK மட்டும் கெத்தா DMK kuu opposition Voice கொடுக்குது மத்ததெல்லாம் TVK vae பார்த்து தொகுருது, நடுங்குது 🔥💪💥 இனிமே இப்படிதான் எங்கள சுத்தி தான் இங்க அரசியலே 
இயங்கணும் 💯
#TVKVijay #TVKForTN #தமிழகவெற்றிக்கழகம்",ta,False,False,296,1069,11,1,22757,2864466552,𝐓𝐯𝐤_𝐓𝖍𝖆𝖓𝖎𝖌𝖆,Thanigaronald,"Thalapathy Fan🤩 
TVK Virtual Warrior|வடசென்னை வடக்கு மாவட்ட தகவல் தொழில்நுட்ப அணி இணை ஒருங்கிணைப்பாளர் 🙎
பிறப்பொக்கும் எல்லா 
உயிர்க்கும்❤️💛","Tamil Nadu, India",False,False,2475,1835,22250,"['TVKVijay', 'TVKForTN', 'தமிழகவெற்றிக்கழகம்']",[],N/A
1987540095868829886,Sun Nov 09 15:17:40 +0000 2025,"Glad to see increased participation by our youth in events like Ironman 70.3 which was held in Goa today. Such events contribute towards #FitIndia movement. Congratulations to everyone who took part. Delighted that two of our young Party colleagues, Annamalai and Tejasvi Surya are among those who have successfully completed the Ironman Triathlon.

@annamalai_k 

@Tejasvi_Surya",en,False,False,10494,83295,2048,312,5071961,18839785,Narendra Modi,narendramodi,Prime Minister of India,India,False,True,106079264,2681,49297,['FitIndia'],[],N/A
1995437493903372417,Mon Dec 01 10:19:06 +0000 2025,"‘ஆளுநர் மாளிகை, தமிழ்நாடு’ என்பது ‘மக்கள் மாளிகை, தமிழ்நாடு' எனப் பெயர் மாற்றம்.
செய்தி வெளியீடு எண்: 43

#செய்திவெளியீடு #மக்கள்மாளிகை #ஆளுநர்ரவி https://t.co/J9wdDXVtqn",ta,False,False,256,814,58,16,14042,1449331892537348096,"LOK BHAVAN, TAMIL NADU",lokbhavan_tn,"Official Twitter Account of Lok Bhavan, Tamil Nadu.","Lok Bhavan, Chennai",False,True,82506,146,6299,"['செய்திவெளியீடு', 'மக்கள்மாளிகை', 'ஆளுநர்ரவி']",[],N/A
2005119013668749690,Sun Dec 28 03:30:00 +0000 2025,ஸ்டாலின் ஆட்சிக்கு வந்தால் தமிழ்நாடு இனி தாங்காது என்று உண்மையை உரக்கச் சொல்லும் சாமானியர்! https://t.co/XRCVOUeRix,ta,False,False,82,136,0,2,1320,1627576116616765442,En Mann En Makkal,EnMannEnMakkal,"My Land, My People | Official Handle of Thalaivar Thiru K Annamalai’s Yatra | Come, let us ignite a political revolution in Tamil Nadu! | #VendumMeendumModi",Tamilnadu,False,True,31408,9,6153,[],[],N/A
1999154715968569412,Thu Dec 11 16:30:01 +0000 2025,"ஆளுநர் ரவி அவர்கள், பாரதியார் மண்டபத்தில் நடைபெற்ற பாரதிய மொழிகள் தின கொண்டாட்டங்களில் உரையாற்றியபோது, பாரத மொழிகள் எவ்வாறு பாரதத்தை ஒரே தேசமாக வளப்படுத்தியுள்ளன என்பதை அடிக்கோடிட்டுக் காட்டினார். ஆயிரக்கணக்கான ஆண்டுகளாக இந்த மொழிகள் ஒன்றுக்கொன்று தொடர்பைக்கொண்டும், வளப்படுத்தியும், நமது நாகரிக பாரம்பரியத்தை தடையின்றி இணைத்து ஆழப்படுத்தி வருகின்றன என்று அவர் குறிப்பிட்டார்.

நமது சுயத்தையும் அடையாளத்தையும் அழிக்கும் நோக்கில், பிரிட்டிஷ் காலனித்துவ ஆட்சி நமது மொழிகளை இடைவிடாமல் இலக்கு வைத்தது—அவற்றை வெறும் ""வட்டார மொழிகள்"", அதாவது அடிமைகளின் பேச்சு என்று இழிவுபடுத்தியது. மகாகவி பாரதியார் போன்ற மாபெரும் ஆளுமைகள் இத்தகைய முயற்சிகளை எதிர்த்து உறுதியாக நின்று, பாரத மொழிகளின் பெருமையை நிலைநிறுத்திப் பேணிக்காத்தனர்.

துரதிருஷ்டவசமாக, சுதந்திரத்துக்குப் பிறகு பிற்போக்குத்தனமான அரசியல், போலி தடங்கல்களை ஏற்படுத்தி, பல நூற்றாண்டுகளாக நமது சமூகங்களை இணைத்து வந்த மொழிகளைத் தவறாகப் பயன்படுத்தி, நமது அற்புதமான மொழி பன்முகத்தன்மையை பிளவுகளாக மாற்றியது. பிரதமர் திரு @narendramodi அவர்களின் பாரதிய மொழிகள் தினத்தைக் கொண்டாடும் முன்முயற்சி, மொழிகளின் உண்மையான பிணைப்புப் பாத்திரத்தை மீட்டெடுத்திருக்கிறது—இது புதிய பாரதத்தின் தேசிய உணர்வையும் நாகரிக பெருமையையும் புத்துயிர் பெறச் செய்கிறது.

நாம் 'வேற்றுமையில் ஒற்றுமை' என அழைப்பது, உண்மையில் ஒரே ஒருமையின் பல்வேறு வெளிப்பாடுகளே என்று ஆளுநர் ரவி குறிப்பிட்டார். மெக்காலேயின் 1835 ஆம் ஆண்டு மொழி ஏகாதிபத்திய திட்டத்தின் இரு நூற்றாண்டுகள் நிறைவடையும் 2035-ஆம் ஆண்டுக்குள் நமது மொழி மனப்பான்மையை முழுமையாக காலனித்துவமற்றதாக்கி, ஒவ்வொரு பாரத மொழியையும் ஒரே தேசிய ஒற்றுமையின் ஒளிரும் வெளிப்பாடாக மீட்டெடுக்கும் ஒரு உறுதியான பத்தாண்டு கால முயற்சிக்கு ஆளுநர் அழைப்பு விடுத்தார்.",ta,False,False,39,154,2,1,2180,1449331892537348096,"LOK BHAVAN, TAMIL NADU",lokbhavan_tn,"Official Twitter Account of Lok Bhavan, Tamil Nadu.","Lok Bhavan, Chennai",False,True,82506,146,6299,[],[],N/A
2011083867990691902,Tue Jan 13 14:32:12 +0000 2026,"Attending a private school event in Gudalur, Tamil Nadu, Thiru @RahulGandhi avl said education should not be extremely expensive and should not be privatised (a moment later, he course-corrected upon realising the setting was a private institution, not a party platform). 

A self-goal of sorts; delivering sermons against privatisation from a private school stage, in a state where the ruling DMK’s own leaders run and profit from a flourishing network of private educational institutions.",en,False,False,5371,20461,415,106,453757,61121030,K.Annamalai,annamalai_k,அறம் செய்ய விரும்பு. BJP Karyakartha.,India,False,True,1011790,886,18286,[],[],N/A
2008469286520754302,Tue Jan 06 09:22:48 +0000 2026,"ஸ்டாலின் தலைமையிலான இந்து விரோத திமுக அரசை கிழித்து தொங்கவிட்ட சென்னை உயர்நீதிமன்ற நீதிபதிகள் 🔥🔥🔥🔥

சென்னை உயர்நீதிமன்றம் மதுரை கிளை திருப்பரங்குன்றம் பிரச்சனையில் திமுக தேவையில்லாமல் உள்நோக்கத்துடன் அரசியல் ஆதாயம் தேடுகிறது என்று சொல்லி தமிழக அரசு சென்னை உயர் நீதிமன்ற மதுரை கிளை தனி நீதிபதி ஜி ஆர் சுவாமிநாதன் அவர்கள் பிறப்பித்த உத்தரவுக்கு எதிராக பாப்பிள்ஸ் செய்யப்பட்ட மனுவை நிராகரித்துள்ளது. மேலும் தீபத்தோன் எந்த களுக்கு தான் சொந்தம் என்று திட்டவட்டமாக தீர்ப்பளித்துள்ளது. 🔥🔥🔥

 இந்தத் தீர்ப்பை கொண்டாடிய திருப்பரங்குன்றம் மக்கள் அங்கு பாதுகாப்பில் ஈடுபடுத்தப்பட்டிருக்கும் தமிழக காவல்துறையின் காவலர்களுக்கு இனிப்புகளை வழங்கினர். 🔥🔥🔥

 திருப்பரங்குன்றம் மலை இந்துக்களுக்கே என்று மீண்டும் உறுதி செய்திருக்கிறது இந்த வரலாற்று சிறப்புமிக்க சென்னை உயர்நீதிமன்ற தீர்ப்பு 🧡🧡🧡 

@annamalai_k #Annamalai",ta,False,False,101,318,9,2,3857,90805156,Johny Bhai(அண்ணாமலையின் வார் ரூம்)🇮🇳,Johni_raja,"Follower of Guru NAMO Ji,Proud Hindu, Ayyappa Swamy Devotee,Extreme Patriot,Proud Member Of RSS,Def Enthusiast,Anti DMK","தொண்டை நாடு/வேலூர், Las Vegas ",False,True,31703,4442,245473,['Annamalai'],[],N/A
1949499746642534824,Sun Jul 27 15:58:54 +0000 2025,"A memorable day in Tamil Nadu, dedicated to the great Chola culture! Here are the highlights… https://t.co/p0HTrKbDaA",en,False,False,12859,82140,2581,226,2403346,18839785,Narendra Modi,narendramodi,Prime Minister of India,India,False,True,106079264,2681,49297,[],[],N/A
1997222077091533071,Sat Dec 06 08:30:24 +0000 2025,பக்தர்களின் கோரிக்கைகளை புறக்கணித்து மத அரசியல் செய்வதே திமுக அரசின் நோக்கமா? https://t.co/zypJrlWmty,ta,False,False,112,314,5,2,2506,1627576116616765442,En Mann En Makkal,EnMannEnMakkal,"My Land, My People | Official Handle of Thalaivar Thiru K Annamalai’s Yatra | Come, let us ignite a political revolution in Tamil Nadu! | #VendumMeendumModi",Tamilnadu,False,True,31408,9,6153,[],[],N/A
2012013658759708728,Fri Jan 16 04:06:52 +0000 2026,"Why we, the people of Tamil Nadu, love @narendramodi ji unconditionally…

@narendramodi @AmitShah
@rajnathsingh @myogiadityanath @AshwiniVaishnaw @nsitharaman 
@JPNadda @NitinNabin @blsanthosh @MenonArvindBJP @ReddySudhakar21 @NainarBJP @KesavaVinayakan @annamalai_k https://t.co/0Jg8vLOVMi",en,False,False,166,563,11,4,3735,428095455,Ashvathaman Allimuthu,asuvathaman,"State Secretary TN BJP, founder Project TamilAi, founder Integral Humanism Foundation, Partner Ashvathaman Associates, director-ledge & law, Director-DEFFO TECH","Tamil Nadu, India",False,True,99593,419,8057,[],[],N/A
2009567940526686410,Fri Jan 09 10:08:27 +0000 2026,"தமிழகத்தில் திமுக ஆட்சிக்கு வந்து ஐந்து ஆண்டுகள் முடிவடையும் நிலையில், தனது அரசு எத்தனை வாக்குறுதிகளை நிறைவேற்றியிருக்கிறது என்பதே முதலமைச்சர் திரு @mkstalin அவர்களுக்கு தெரியவில்லை. யார் எதை எழுதிக் கொடுத்தாலும், அதை மேடையில் வாசிப்பது மட்டுமே அவரது வேலையாக இருக்கிறது.

கடந்த 2023 செப்டம்பரில், 99% வாக்குறுதிகள் நிறைவேற்றப்பட்டதாக கூறினார். கடந்த வாரம், அது 72% ஆனது.  இன்று, 80% வாக்குறுதிகள் நிறைவேற்றியுள்ளோம் எனக் கூறுகிறார். இது முழுக்க முழுக்க, மக்களை ஏமாற்றும் நாடகம்.

போலியான வாக்குறுதிகளால் மீண்டும் தமிழக மக்களை ஏமாற்றலாம் என்ற திமுகவின் கனவு, ஒருபோதும் பலிக்காது.",ta,False,False,1387,3146,122,27,50970,61121030,K.Annamalai,annamalai_k,அறம் செய்ய விரும்பு. BJP Karyakartha.,India,False,True,1011790,886,18286,[],[],N/A
1996441938338394464,Thu Dec 04 04:50:24 +0000 2025,"#கடற்படைதினத்தில் அனைத்து இந்திய கடற்படை வீரர்களுக்கும் அவர்களது குடும்பத்தினருக்கும் மனமார்ந்த வாழ்த்துக்கள்!

அசாதாரண துணிச்சல், கண்காணிப்பு மற்றும் தொழில்முறை செயல்பாடுகள் மூலம் இந்திய கடற்படை நமது கடல்சார் எல்லைகளையும் தேசிய நலன்களையும் பாதுகாக்கிறது. சுயசார்பு பாரதத்தின் உணர்வால் வழிநடத்தப்படும் நமது கடற்படை உள்நாட்டுமயமாக்கல் மற்றும் நவீனமயமாக்கலைத் தொடர்ந்து கடைப்பிடித்து வருகிறது. இந்தியாவின் கடல்சார் திறனை வலுப்படுத்தி பாதுகாப்பு கட்டமைப்பை மேம்படுத்துகிறது.

முக்கியமான கடல் பாதைகளை காவல் காப்பது மற்றும் கடல்சார் சொத்துக்களைப் பாதுகாப்பது முதல் பேரிடர் நிவாரணம் மற்றும் பிராந்திய ஒத்துழைப்பை வழிநடத்துவது வரை, இந்திய கடற்படை ஒழுக்கம், இரக்கம் மற்றும் தேசிய உறுதிப்பாட்டின் திடமான அடையாளமாக விளங்கி, கடல்சார் பாதுகாப்பை உறுதி செய்கிறது, பொறுப்புடைமையுடன் இந்திய-பசிஃபிக் ஆளுமையாக இந்தியாவின் பங்களிப்பை வலுப்படுத்துகிறது.

தேசத்துக்காக உச்சபட்ச தியாகம் புரிந்த துணிச்சலான வீரர்களுக்கு இந்நாளில் பணிவுடன் அஞ்சலி செலுத்துகிறோம்.

@IndianNavy @IN_HQENC @IN_HQTNP",ta,False,False,39,169,3,0,1682,1449331892537348096,"LOK BHAVAN, TAMIL NADU",lokbhavan_tn,"Official Twitter Account of Lok Bhavan, Tamil Nadu.","Lok Bhavan, Chennai",False,True,82506,146,6299,['கடற்படைதினத்தில்'],[],N/A
2008782156982874285,Wed Jan 07 06:06:02 +0000 2026,"A common citizen has every right to question the Member of Parliament of his constituency on what tangible contributions have been made, beyond empty political rhetoric.

Why should such a basic, democratic question invite intimidation? This is not a question limited to the Karur MP alone. For the past six years, MPs of the I.N.D.I. Alliance have remained in a deep slumber. 

When questions are met with fists & intimidation rather than facts, it is a clear admission of failure.",en,False,False,4011,12221,173,45,285848,61121030,K.Annamalai,annamalai_k,அறம் செய்ய விரும்பு. BJP Karyakartha.,India,False,True,1011790,886,18286,[],[],N/A
2007926524029395039,Sun Jan 04 21:26:03 +0000 2026,"மதுரையாக இருந்தாலும் சரி புதுக்கோட்டையாக இருந்தாலும் சரி தமிழகத்தில் எந்த பகுதியாக இருந்தாலும் சரி அண்ணாமலை என்ற பெயரை சொன்னாலே மாஸ் தான் 🔥🔥🔥

@annamalai_k
#TNWelcomesAmitsha #Annamalai https://t.co/UvNLWIvbQs",ta,False,False,207,837,11,1,7209,90805156,Johny Bhai(அண்ணாமலையின் வார் ரூம்)🇮🇳,Johni_raja,"Follower of Guru NAMO Ji,Proud Hindu, Ayyappa Swamy Devotee,Extreme Patriot,Proud Member Of RSS,Def Enthusiast,Anti DMK","தொண்டை நாடு/வேலூர், Las Vegas ",False,True,31703,4442,245473,"['TNWelcomesAmitsha', 'Annamalai']",[],N/A
2005161860191092954,Sun Dec 28 06:20:16 +0000 2025,"உங்களுக்கு பாஜக கோவில்களை அரசு பிடியிலிருந்து விடுவிக்கும் விஷயத்தில் பாஜகவை விமர்சனம் செய்ய வேண்டும் என்றால் அதை தாராளமாக செய்யுங்கள் ஆனால் இந்த அரசியலில் மதம் கலக்க வேண்டாம் என்ற வெங்காயத்தைச் எல்லாம் வேண்டாம். 😡😡😡

60 ஆண்டு காலமாக திராவிட கட்சிகள் இதை தான் செய்து கொண்டிருக்கிறது. மற்ற மதங்கள் மட்டும் அரசியல் படுத்தப்பட்டு வாக்கு வங்கிகளாக உருவாகி இங்கு ஆட்சியாளர்களை ஆட்டி  படைக்கும்பொழுது இந்துக்கள் மட்டும் கையாலாகாதவர்களாக அவர்களின் அடிப்படை உரிமைகளுக்கு பிச்சை எடுத்துட்டு இருக்காங்க. 😡😡😡

தமிழகத்தை தவிர இந்தியாவில் உள்ள அனைத்து மாநிலங்களும் தங்கள் மதத்திற்காக ஒன்றிணை ஆரம்பித்து விட்டார்கள் அதன் எதிரொலி தான் கேரளா வரைக்கும் நடந்து முடிந்த தேர்தலில் ஒலித்துக் கொண்டிருக்கிறது. எனக்கு மோடிஜி மீது மிகுந்த நம்பிக்கை இருக்கு கோவில்களை அரசு கட்டுப்பாட்டில் இருந்து விடுவிக்க சரியான நேரத்தில் முடிவெடுப்பார் என்று.

#இந்துஒற்றுமை #HinduUnity #Vivekananda @annamalai_k #Annamalai",ta,False,False,40,184,8,4,8969,90805156,Johny Bhai(அண்ணாமலையின் வார் ரூம்)🇮🇳,Johni_raja,"Follower of Guru NAMO Ji,Proud Hindu, Ayyappa Swamy Devotee,Extreme Patriot,Proud Member Of RSS,Def Enthusiast,Anti DMK","தொண்டை நாடு/வேலூர், Las Vegas ",False,True,31703,4442,245473,"['இந்துஒற்றுமை', 'HinduUnity', 'Vivekananda', 'Annamalai']",[],N/A
2011813792183959742,Thu Jan 15 14:52:40 +0000 2026,"கம்ப்யூட்டர் சாம்பிராணி திமுக 😆

@Ibrahim_0369 👌👌

#தீயசக்திதிமுக #DmkFailesTN https://t.co/QMzxkQxr6D",ta,False,False,218,511,1,0,4558,633760630,BOSS TVK ❤️💛❤️,BossTVK,"சமூக ஊடக அணி வேலூர் மண்டல இணை ஒருங்கிணைப்பாளர் |
பிறப்பொக்கும் எல்லா உயிர்க்கும் |மதசார்பற்ற சமூகநீதி|
#TVK  | என்றும் தலைவர் விஜய் வழியில்|
அரசியல் பழகு",Tamilnadu,False,False,4840,565,9996,"['தீயசக்திதிமுக', 'DmkFailesTN']",[],N/A
1995548120961433861,Mon Dec 01 17:38:42 +0000 2025,"நாகாலாந்து மற்றும் அஸ்ஸாம் மாநிலங்கள் உருவான தினத்தை தமிழ்நாட்டில் வசிக்கும் இரு மாநில மக்களின் துடிப்பான பங்கேற்புடன் மக்கள் மாளிகை கொண்டாடியது. நாகாலாந்து மற்றும் அஸ்ஸாமின் வளமான பழங்குடி நடனங்களை வெளிப்படுத்தும் அற்புதமான கலாசார நிகழ்ச்சிகளால் இக்கொண்டாட்டம் சிறப்புற்றது.

ஆளுநர் ரவி அவர்கள் தனது உரையில், மாநிலங்கள் உருவான தின கொண்டாட்டம் எந்தவொரு குறிப்பிட்ட மாநில மக்களுக்கும் மட்டுமல்ல என்றும், பாரதத்தின் அசாதாரண பன்முகத்தன்மையின் துடிப்பான கொண்டாட்டமாகும் என்றும் வலியுறுத்தினார். மகாபுருஷர் ஸ்ரீமந்த சங்கரதேவ், டாக்டர் பூபன் ஹசாரிகா ஆகியோரின் நாகரிக மரபை விவரித்த அவர், நீடித்த பிரம்மபுத்ரா-காவிரி கலாசாரம் மற்றும் நாகரிக தொடர்பு குறித்தும் தமது உரையில்  பிரதிபலித்து இதுவே ஒரே பாரதம் உன்னத பாரதம் என்ற உணர்வில் நங்கூரமிட்டுள்ளதாக குறிப்பிட்டார்.

மக்கள் மாளிகை, தமிழ்நாட்டுக்கு வெளியே தமிழை ஊக்குவிக்க கொண்டுள்ள நோக்கத்தின் ஒரு பகுதியாக, குவாஹட்டி பல்கலைக்கழகத்தில் தமிழ் பட்டய படிப்புகள் மூலம் வடகிழக்கு மாணவர்கள் ஆர்வத்துடன் தமிழைக் கற்று வருகின்றனர் என்பதையும் ஆளுநர் எடுத்துரைத்தார்.

ஆளுநர் ரவி அவர்கள், சிறந்து விளங்கும் மக்கள் மற்றும் கலைஞர்களை அவர்களின் கண்கவர் நிகழ்ச்சிகளுக்காக சிறப்பித்தார்.
#நாகாலாந்து #அஸ்ஸாம் #ஒரேபாரதம்உன்னதபாரதம்",ta,False,False,40,184,8,0,1634,1449331892537348096,"LOK BHAVAN, TAMIL NADU",lokbhavan_tn,"Official Twitter Account of Lok Bhavan, Tamil Nadu.","Lok Bhavan, Chennai",False,True,82506,146,6299,"['நாகாலாந்து', 'அஸ்ஸாம்', 'ஒரேபாரதம்உன்னதபாரதம்']",[],N/A
2011376257309749607,Wed Jan 14 09:54:03 +0000 2026,"Tamil Nadu has been gripped by an alarming surge of violence over the past five years, coinciding with the DMK’s return to power in the State.

Now, the DMK appears determined to push this culture of lawlessness to an even more dangerous level. The arrest of DMK Youth Wing functionary Rathina Balan and his accomplice Aamer Suhail for attempting to sell firearms through social media is a chilling reminder of how deep the rot has set in.

From rowdy elements, ganja peddlers and international drug traffickers to illegal gun runners, the DMK has increasingly turned into a safe haven for every unlawful element plaguing our society.",en,False,False,1436,4628,40,17,104146,61121030,K.Annamalai,annamalai_k,அறம் செய்ய விரும்பு. BJP Karyakartha.,India,False,True,1011790,886,18286,[],[],N/A
2006240021721014482,Wed Dec 31 05:44:29 +0000 2025,"The wounds from the brutal attack on Suraj have not yet healed, and even before the conscience of the state could recover, Thiruttani witnessed yet another act of senseless violence yesterday. A local businessman, Jamal, was attacked by a group without provocation or cause.

This is no longer an isolated incident, it has become a disturbing pattern in TN over the past few years. Lawlessness is being normalised, criminal elements are encouraged, and ordinary citizens are left to defend themselves. Under the DMK’s watch, public safety has collapsed.

How many more Surajs and Jamals must suffer before the DMK acknowledges its complete failure in maintaining law and order?",en,False,False,1447,3306,114,48,64036,61121030,K.Annamalai,annamalai_k,அறம் செய்ய விரும்பு. BJP Karyakartha.,India,False,True,1011790,886,18286,[],[],N/A
1907273670541676592,Wed Apr 02 03:27:33 +0000 2025,திமுக வேட்டி கட்டும் போது பொட்டு வைக்காதீங்க - திமுக எம்.பி. ஆ. ராசா https://t.co/kQ93rxKGHX,ta,False,False,397,892,8,9,11152,3614324658,Jegan,jegantoons,"🇮🇳 Cartoonist, Mechanical Engineering😎",kanyakumari,False,True,14771,145,1096,[],[],N/A
2011819758329675902,Thu Jan 15 15:16:22 +0000 2026,"ஒரு பக்கம் bhai Dmk va Bjp ah பொளக்குறாரு.. 🔥😂👌

இன்னொரு பக்கம் நம்ப @LoyolaMani அண்ணே Dmk va Admk பொளக்குறாரு... 😂🔥👌

இன்னைக்கு Day தெரிக்குது போங்க... 🔥🔥

#தமிழகவெற்றிக்கழகம்‌
@TVKVijayHQ
#TVKForTN https://t.co/cl3eKhf8Fb",ta,False,False,627,2336,2,1,24548,1562640927344037888,K o d u v a :),itz_Koduva_OG25,#TVK @TVKVijayHQ....யின் போர்வீரன்.🤺🤺🤺 இனிமே தான் 🔥 ஆட்டமே ஆரம்பம்🔥 60K Id suspend ) New backup ID @Jd_Ranjith_Tvk,Klang Valley (Selangor),False,False,1536,757,26758,"['தமிழகவெற்றிக்கழகம்\u200c', 'TVKForTN']",[],N/A
1994460803551170848,Fri Nov 28 17:38:05 +0000 2025,"ஆளுநர் திரு. ஆர்.என். ரவி அவர்கள், சென்னையில் நடைபெற்ற ஸ்ரீ கிருஷ்ண கான சபையின் நாம சங்கீர்த்தன வெள்ளி விழா தொடக்க நிகழ்வில், சங்கீதத்தில் சிறந்த பங்களிப்பை வழங்கி வருவதற்காக சங்கீர்த்தன கலாநிதி விருதை திரு. யக்ஞராம சர்மாவுக்கும், சங்கீர்த்தன சூடாமணி விருதை திரு. கடலூர் கோபி பாகவதருக்கும்    வழங்கினார்.

பக்தி எவ்வாறு சனாதன தர்மத்தை அமைப்புகளின் இருப்புகளுக்கு அப்பால் மக்களின் இதயங்களில் கொண்டு சென்றது என்பதை ஆளுநர் ரவி பிரதிபலித்தார். நாயன்மார்கள், ஆழ்வார்கள் மற்றும் எண்ணற்ற துறவிகள் மூலம் தமிழ்நாட்டின் புனித மண்ணில் தோன்றிய இந்த ஆன்மிக இயக்கம், பாரதம் முழுவதும், பல்வேறு மொழிகளின் ஊடாக, சனாதன தர்மத்தை வளர்த்து, பாதுகாத்து, பல நூற்றாண்டுகளாக அடிமைப்பட்டு, காலனித்துவத்தின் பிடியில் இருந்த போதும் பாரதத்தை ஒரே தேசமாக நிலைநிறுத்தியது.

கடந்த தசாப்தத்தில் பாரதம் எவ்வாறு குறிப்பிடத்தக்க அனைத்திலும் மாற்றம் கண்டுள்ளது என்பதையும், 2047 -ஆம் ஆண்டுக்குள் முழுமையாக வளர்ச்சியடைந்து தன்னிறைவு பெறும் இலக்கை நோக்கி முன்னேறி வருகிறது என்பதையும் ஆளுநர் எடுத்துரைத்தார். இந்த தேசிய மாற்றத்தில், இந்த பாரம்பரியத்தை இளைய தலைமுறையினருக்கு எடுத்துச் சென்று, மோதல்கள் மற்றும் ஏற்றத்தாழ்வுகளால் முடங்கிப்போன இன்றைய உலகிற்கு அதன் ஒளியை விரிவுபடுத்துவதும், பாரதத்தையும் சனாதன தர்மத்தையும் அழிக்க சதி செய்யும் சக்திகளுக்கு எதிராக விழிப்புடன் இருப்பதும் நமது கூட்டுப் பொறுப்பாகும் என அவர் வலியுறுத்தினார்.",ta,False,False,43,178,2,0,2013,1449331892537348096,"LOK BHAVAN, TAMIL NADU",lokbhavan_tn,"Official Twitter Account of Lok Bhavan, Tamil Nadu.","Lok Bhavan, Chennai",False,True,82506,146,6299,[],[],N/A
1942132703157010809,Mon Jul 07 08:04:54 +0000 2025,BJP will not grow in Tamilnadu - Anwar Raja (AIADMK) https://t.co/dvT4XdKgme,en,False,False,171,673,6,1,12520,3614324658,Jegan,jegantoons,"🇮🇳 Cartoonist, Mechanical Engineering😎",kanyakumari,False,True,14771,145,1096,[],[],N/A
1909271615646413109,Mon Apr 07 15:46:40 +0000 2025,அதிமுகவை கபளீகரம் செய்து விட்டது பாஜக- கம்யூனிஸ்ட் கட்சி குற்றச்சாட்டு… https://t.co/F2vA9iL6O8,ta,False,False,118,446,5,1,5819,3614324658,Jegan,jegantoons,"🇮🇳 Cartoonist, Mechanical Engineering😎",kanyakumari,False,True,14771,145,1096,[],[],N/A
1909972711830401480,Wed Apr 09 14:12:34 +0000 2025,NEET Ban Drama... #AllPartyMeeting #DMK https://t.co/xgzQk72V1J,en,False,False,234,789,4,2,11369,3614324658,Jegan,jegantoons,"🇮🇳 Cartoonist, Mechanical Engineering😎",kanyakumari,False,True,14771,145,1096,"['AllPartyMeeting', 'DMK']",[],N/A
1993133485209665563,Tue Nov 25 01:43:48 +0000 2025,"பண்ருட்டி மக்களின் பயணத்தை மேலும் எளிதாக்கிய பாஜக அரசு ! 

நன்றி @AshwiniVaishnaw அவர்கள் ,

@narendramodi @AmitShah
@AshwiniVaishnaw @rajnathsingh @myogiadityanath 
@nsitharaman

@blsanthosh @MenonArvindBJP @ReddySudhakar21 @NainarBJP @KesavaVinayakan @annamalai_k https://t.co/MZVjFfdW4p",ta,False,False,98,462,12,2,4688,428095455,Ashvathaman Allimuthu,asuvathaman,"State Secretary TN BJP, founder Project TamilAi, founder Integral Humanism Foundation, Partner Ashvathaman Associates, director-ledge & law, Director-DEFFO TECH","Tamil Nadu, India",False,True,99593,419,8057,[],[],N/A
2009313342968746133,Thu Jan 08 17:16:46 +0000 2026,"பொங்கல் பெருவிழா – 2026, சென்னை மக்கள் மாளிகையில் விழாக்கோலத்துடனும் கலாசாரப் பெருமிதத்துடனும் கொண்டாடப்பட்டது. இதில் விவசாயிகள், மீனவர்கள், நெசவாளர்கள், தமிழறிஞர்கள், ஆன்மிக தலைவர்கள், இளைஞர்கள், சமூக ஆர்வலர்கள் மற்றும் பழங்குடியின சமூகங்களின் பிரதிநிதிகள் உள்பட சமூகத்தின் அனைத்துத் தரப்பினரும் பங்கேற்றனர். பாரம்பரிய கலை, நாட்டுப்புற இசை மற்றும் நடனங்கள், பொங்கலின் மகிழ்ச்சியையும், நமது காலத்தால் அழியாத தமிழ்ப் பாரம்பரியங்களின் செழுமையையும், தலைமுறை தலைமுறையாகக் கொண்டாடப்படும் நமது கூட்டுப் பாரம்பரியத்தையும் எதிரொலித்தன.
#பொங்கல் #ஒரேபாரதம்உன்னதபாரதம் #ஆளுநர்ரவி #மக்கள்மாளிகை #தமிழ்நாடு",ta,False,False,46,156,2,0,1853,1449331892537348096,"LOK BHAVAN, TAMIL NADU",lokbhavan_tn,"Official Twitter Account of Lok Bhavan, Tamil Nadu.","Lok Bhavan, Chennai",False,True,82506,146,6299,"['பொங்கல்', 'ஒரேபாரதம்உன்னதபாரதம்', 'ஆளுநர்ரவி', 'மக்கள்மாளிகை', 'தமிழ்நாடு']",[],N/A
1930868659855237287,Fri Jun 06 06:05:36 +0000 2025,கோவில் திருவிழாவிற்கு அதிகளவில் கூட்டம் செல்வது உண்மையிலேயே நாகரீக சமூகத்திற்கு நல்ல அடையாளமாக பார்க்க முடியாது - திமுக அமைச்சர் மனோ தங்கராஜ் #dravidamodel https://t.co/k77dfkLgMQ,ta,False,False,199,496,7,4,5319,3614324658,Jegan,jegantoons,"🇮🇳 Cartoonist, Mechanical Engineering😎",kanyakumari,False,True,14771,145,1096,['dravidamodel'],[],N/A
2011835602174689339,Thu Jan 15 16:19:20 +0000 2026,"அன்னைத் தமிழ்நாட்டின் 
அறுவடைத் திருநாளில்..

நலமும், வளமும் பெற்று 
நற்றமிழர் வாழ்வு சிறக்க
நாளும் உழைத்திடும்
தித்திக்கும் #திராவிடமாடல் அரசின் மாண்புமிகு முதலமைச்சர்; திராவிட பேரரசர் @mkstalin அவர்களை நேரில் சந்தித்து வாழ்த்து பெற்ற பொன்னான தருணம்…

🙏💐♥️🌾🌅

@Udhaystalin

#திராவிடப்_பொங்கல்
#Pongal2026
#வெல்வோம்_ஒன்றாக",ta,False,False,60,204,8,0,2321,1073990402422669312,Thoothukudi S.Joel,Joel_Dmk,State Deputy Secretary- #DMK Youth Wing | தூத்துக்குடி - #திமுக | Belongs to the Dravidian stock,"தூத்துக்குடி, TN",False,True,38277,288,13434,"['திராவிடமாடல்', 'திராவிடப்_பொங்கல்', 'Pongal2026', 'வெல்வோம்_ஒன்றாக']",[],N/A
1999763131640480034,Sat Dec 13 08:47:39 +0000 2025,"பரதவர்ம பாண்டியபதியின் பிறந்தநாளில் தேசம் அவருக்கு மரியாதை செலுத்துகிறது. தீரமிக்க சுதந்திர போராட்ட வீரரான  அவரது துணிச்சல், தொலைநோக்குப் பார்வை மற்றும் நிர்வாக நுண்ணறிவு ஆகியவை இந்திய விடுதலை போராட்டத்தின் ஆரம்ப கட்டத்தை வடிவமைத்தன. வீரபாண்டிய கட்டபொம்மனுடன் சேர்ந்து, பிரிட்டிஷ் காலனித்துவ ஆட்சிக்கு எதிரான தீர்க்கமான எதிர்ப்பை அவர் வழிநடத்தினார், வரலாற்று சிறப்புமிக்க பாஞ்சாலங்குறிச்சி போர் உள்பட, ஏகாதிபத்திய ஆதிக்கத்தை  திடத்துடன் எதிர்கொண்டார். அந்நிய ஆதிக்கம்/காலனித்துவ ஒடுக்குமுறைக்கு எதிராக மக்களை ஒன்றிணைத்து ஊக்குவிப்பதன் மூலம், அவர் தேசிய சுதந்திர போராட்டத்தில் ஒரு முக்கிய பங்கைக் கொண்டிருந்தார். அவரது துணிச்சலும் தொலைநோக்கும் 2047 -ஆம் ஆண்டுக்குள் வலுவான மற்றும் தன்னம்பிக்கை கொண்ட #வளர்ச்சியடைந்தபாரதத்தை நோக்கிய நமது தேசிய பயணத்தைத் தொடர்ந்து ஊக்குவிக்கின்றன.",ta,False,False,38,166,2,0,2462,1449331892537348096,"LOK BHAVAN, TAMIL NADU",lokbhavan_tn,"Official Twitter Account of Lok Bhavan, Tamil Nadu.","Lok Bhavan, Chennai",False,True,82506,146,6299,['வளர்ச்சியடைந்தபாரதத்தை'],[],N/A
2011846732590788837,Thu Jan 15 17:03:34 +0000 2026,"இனி இந்த மாதிரி யாருமே பேசக்கூடாது அப்படி பேசினால் அதற்கு இதுதான் பதில் அடி 
@Ibrahim_0369👌🏻 https://t.co/l2HUAWq7kj",ta,False,False,114,417,9,0,4488,875024842814242816,TVK WORLD,TVK_WORLD,#தமிழகவெற்றிக்கழகம்  maintaining by @official_Tvmp Team | Admin - @Eniyavan_offi26,India,False,True,72496,9,8047,[],[],N/A
1981555693825191988,Fri Oct 24 02:57:47 +0000 2025,"சிரிப்பதற்கும்… சிந்திப்பதற்கும்…
#rss
#dmk
#bjp https://t.co/dfudZd8E90",ta,False,False,186,514,12,3,10194,1174692144411566081,Raama Sreenivasan,ProfessorBJP,State General Secretary - BJP Tamil Nadu,"Madurai, Tamilnadu",False,False,103676,481,4436,"['rss', 'dmk', 'bjp']",[],N/A
1907104623128961383,Tue Apr 01 16:15:49 +0000 2025,TN BJP Chief Annamalai Exposes Massive MGNREGA Fraud Under DMK Govt... #Dravidamodel https://t.co/jMjmaf53u9,en,False,False,454,1362,14,7,24984,3614324658,Jegan,jegantoons,"🇮🇳 Cartoonist, Mechanical Engineering😎",kanyakumari,False,True,14771,145,1096,['Dravidamodel'],[],N/A
2011740127706694137,Thu Jan 15 09:59:57 +0000 2026,"ஆளுநர் ரவி அவர்கள், ராமேஸ்வரத்தில் உள்ள ஸ்ரீ குருநானக் தாம் குருத்வாராவில் நடைபெற்ற ஸ்ரீ குருநானக் சத்சங் சபாவின் ஆண்டு விழாவில் பங்கேற்று, ஸ்ரீ குருகிராந்த் சாஹிப்பிற்கு நெஞ்சார்ந்து மரியாதை செலுத்தினார். ஐநூறு ஆண்டுகளுக்கு முன்பு, பாரதம் அந்நிய ஆக்கிரமிப்பாளர்களின் அட்டூழியங்களால் துன்புற்றுக் கொண்டிருந்தபோதும், 'இந்திய பண்பாடு' இருத்தலியல் அச்சுறுத்தலுக்கு உள்ளாகியிருந்தபோதும், ஸ்ரீ குருநானக் தேவ் அவர்கள், சமூகத்தையும் நாகரிகத்தையும் காப்பதற்காக சுமார் 14 ஆண்டுகள் பாரதம் முழுவதும் பயணம் செய்தார். அந்தப் பயணத்தின்போது ராமேஸ்வரத்தில் சுமார் ஆறு மாதங்கள் தங்கியிருந்தார் என்று எடுத்துரைத்தார். நமது கலாசாரம் மற்றும் அடையாளத்தைக் காப்பதற்காக நமது சீக்கிய குருக்களும் வீரமிக்க சாஹிப்ஸாதாக்களும் செய்த அளப்பரிய தியாகங்களை ஆளுநர் நினைவு கூர்ந்ததுடன், அவை தற்போதைய காலத்துடன் எவ்வாறு  பொருந்துகிறது என்பதையும் வலியுறுத்தினார். அந்தத் தியாகங்களிலிருந்து நமது இளைஞர்கள் உத்வேகம் பெற்று, புத்துணர்ச்சியுடனும் உறுதியான சங்கல்பத்துடனும் 'விக்ஸித் பாரத் 2047' (வளர்ச்சியடைந்த பாரதம் 2047) என்ற இலக்கை உருவாக்க வேண்டும் என்றும் ஆளுநர் கேட்டுக்கொண்டார்.",ta,False,False,30,153,4,0,1352,1449331892537348096,"LOK BHAVAN, TAMIL NADU",lokbhavan_tn,"Official Twitter Account of Lok Bhavan, Tamil Nadu.","Lok Bhavan, Chennai",False,True,82506,146,6299,[],[],N/A
1908177246751264818,Fri Apr 04 15:18:02 +0000 2025,"“போராட்டம் எதற்கு என்று தெரியாத கட்சி தவெக"" - அண்ணாமலை #Annamalai #TVK #WaqfAmendmentBill https://t.co/ukfOuzgwia",ta,False,False,201,571,4,1,7686,3614324658,Jegan,jegantoons,"🇮🇳 Cartoonist, Mechanical Engineering😎",kanyakumari,False,True,14771,145,1096,"['Annamalai', 'TVK', 'WaqfAmendmentBill']",[],N/A
2011401318339108992,Wed Jan 14 11:33:38 +0000 2026,"பகுதி நேர ஆசிரியர்களைப் பணி நிரந்தரம் செய்வோம் என, கடந்த இரண்டு சட்டமன்றத் தேர்தல்களாக திமுக கொடுத்த தேர்தல் வாக்குறுதியை நிறைவேற்றக் கோரி, தற்கொலை முயற்சியில் ஈடுபட்ட, திரு. கண்ணன் என்ற ஆசிரியர், சிகிச்சை பலனின்றி உயிரிழந்தார் என்ற செய்தி மிகுந்த வருத்தமளிக்கிறது. அவரது குடும்பத்தினருக்கு, ஆழ்ந்த இரங்கல்களைத் தெரிவித்துக் கொள்கிறேன்.

எத்தனை கடினமான சூழலில் வாழ்க்கை இருந்திருந்தால், தற்கொலை என்ற மிக மோசமான முடிவை எடுக்கும் சூழலுக்கு, ஆசிரியர் திரு. கண்ணன் தள்ளப்பட்டிருப்பார் என்பது குறித்து, முதலமைச்சர் திரு @mkstalin அவர்களுக்கு, எந்தக் கவலையும் இல்லை. 

பணி நிரந்தரம் கோரிப் போராடும் ஆசிரியர்களுடன் பேச்சுவார்த்தை நடத்துகிறோம் என்ற பெயரில், வெறும் ₹2,500 ஊதிய உயர்வு வழங்குவதாக அறிவித்திருக்கிறது திமுக அரசு. பகுதி நேர ஆசிரியர்களின் ஒரே கோரிக்கை பணி நிரந்தரம் மட்டுமே. ஆனால், அதைக் குறித்து, எந்த அறிவிப்பும் வெளியிடவில்லை. வாக்குறுதியை நிறைவேற்றுவார்கள் என்ற நம்பிக்கையில் இத்தனை ஆண்டு காலம் காத்திருந்த ஆசிரியப் பெருமக்களுக்கு, திமுக செய்திருப்பது மிகப்பெரிய நம்பிக்கைத் துரோகம். 

ஊழல் பணத்தில் கொழுத்துத் திரியும் திமுகவினருக்கு, சாதாரண பொதுமக்களின் வலியும், வாழ்க்கையும் எப்படிப் புரியும்?",ta,False,,629,1904,35,9,29935,61121030,K.Annamalai,annamalai_k,அறம் செய்ய விரும்பு. BJP Karyakartha.,India,False,True,1011790,886,18286,[],[],N/A
2011138215143751819,Tue Jan 13 18:08:10 +0000 2026,"லோஹ்ரி, மகர சங்கராந்தி, மகா பிஹு, உத்தராயண் மற்றும் நாடு முழுவதும் கொண்டாடப்படும் பிற அறுவடை பண்டிகைகளின் விசேஷமிக்க நிகழ்வில் இந்தியாவிலும் வெளிநாட்டிலும் உள்ள அனைத்து பாரதியர்களுக்கும் அன்பான நல்வாழ்த்துக்கள்.

பல்வேறு பெயர்கள் மற்றும் மரபுகளில் வெவ்வேறு பகுதிகளில் கொண்டாடப்படும் இந்த திருவிழாக்கள், அறுவடை காலத்தைக் குறிப்பதுடன் நமது பாரதிய நாகரிக நெறிமுறைகளை பிரதிபலிக்கின்றன. இயற்கை, சமூகம் மற்றும் மனிதகுலத்தின் பிரிக்க முடியாத ஒற்றுமையால் வாழும் ஒரு உலகக் கண்ணோட்டம் இவை. நமது காலத்தால் அழியாத பாரம்பரியத்தில் வேரூன்றிய இந்த விழாக்கள், பூமித்தாய்க்கு நமது ஆழ்ந்த நன்றியைத் தெரிவிக்கவும், ஒரே தேசமாக நம்மை ஒன்றிணைக்கும் உள்ளார்ந்த ஒற்றுமை உணர்வை மீண்டும் உறுதிப்படுத்தவும் நம்மைத் தூண்டுகின்றன.

இந்த விழாக்கள் மூலம், நமது விவசாய சமூகத்தின் விலைமதிப்பற்ற பங்களிப்புகளை நாம் கொண்டாடுகிறோம். அவர்களின் அயராத அர்ப்பணிப்பும் ஞானமும் தலைமுறை தலைமுறையாக தேசத்தை நிலைப்படுத்தி, சமூகத்தைத் தொடர்ந்து வளர்த்தெடுத்து வருகின்றன.

இந்த விசேஷமிக்க பண்டிகை காலம் ஒவ்வொரு குடும்பத்துக்கும் புதிய ஆற்றல், மகிழ்ச்சி மற்றும் நல்ல ஆரோக்கியத்தைக் கொண்டு வரட்டும், அன்பு, இரக்கம் மற்றும் ஒற்றுமையை வளர்க்கட்டும், மேலும் வளமான, உள்ளடக்கிய மற்றும் வலுவான பாரதத்தை உருவாக்குவதற்கான நமது உறுதிப்பாட்டை வலுப்படுத்தட்டும்.
#லோஹ்ரி #மகரசங்கராந்தி #மகாபிஹு #போகலிபிஹு #உத்தராயண் #ஒரேபாரதம்உன்னதபாரதம்",ta,False,False,193,685,90,26,25355,1449331892537348096,"LOK BHAVAN, TAMIL NADU",lokbhavan_tn,"Official Twitter Account of Lok Bhavan, Tamil Nadu.","Lok Bhavan, Chennai",False,True,82506,146,6299,"['லோஹ்ரி', 'மகரசங்கராந்தி', 'மகாபிஹு', 'போகலிபிஹு', 'உத்தராயண்', 'ஒரேபாரதம்உன்னதபாரதம்']",[],N/A
1996924358833721682,Fri Dec 05 12:47:22 +0000 2025,சபரிமலை - திருப்பரங்குன்றம் விவகாரங்களில் எங்களின் நிலைபாடு எப்போதும் சமமாக தான் உள்ளது - முன்னாள் மாநிலத் தலைவர் திரு.@annamalai_kuppusamy அவர்கள்! https://t.co/UTqwE2I6Z1,ta,False,False,93,219,3,1,1088,1627576116616765442,En Mann En Makkal,EnMannEnMakkal,"My Land, My People | Official Handle of Thalaivar Thiru K Annamalai’s Yatra | Come, let us ignite a political revolution in Tamil Nadu! | #VendumMeendumModi",Tamilnadu,False,True,31408,9,6153,[],[],N/A
2011847491428442534,Thu Jan 15 17:06:34 +0000 2026,"#VIjay Fans கிட்ட நம்ம சொல்ல நினைச்சத தெளிவா சொல்லிட்டா JK 🫡 #Parasakthi
https://t.co/1mSUWWGgEH",ta,False,False,145,565,9,3,8417,721258644612988928,ALONE 🚶,itz_local_,SK Fan ❣️,,False,False,2058,2541,77691,"['VIjay', 'Parasakthi']",[],N/A
2011816718386282844,Thu Jan 15 15:04:18 +0000 2026,"மும்பை மாநகராட்சி கைப்பற்றுகிறது பாஜக கூட்டணி :-
 அருமையாக வேலை செய்து அண்ணாமலை மேஜிக்...
 👉ட்ரிபிள் என்ஜின் சர்க்கார் 
 மத்தியில் மோடி அரசாங்கம், மாநிலத்தில் தேவேந்திரபட்னாவிஸ்  அரசாங்கம்,
 மும்பை மாநகராட்சியிலும் பிஜேபி வந்தால் மும்பை வளம் பெறும் என்ற பேச்சு பெரிய அளவில் எடுபட்டது. 
 👉மும்பையில் உள்ள தென் மாநிலத்தவர், குஜராத்திகள், ராஜஸ்தானி மக்கள் வடஇந்திய மக்கள் அனைவருக்கும் அண்ணாமலைக்கு எதிராக ராஜ் தாக்கரே சொன்ன வார்த்தை நேரிடலை ஏற்படுத்தியது. 
 இதன் விளைவு மும்பை வாக்காளர்களில் 45 சதவீத வெளி மாநில வாக்காளர்கள் பாஜக பக்கம் திரும்பினார்கள். 
 வாழ்த்துக்கள் 
@annamalai_k",ta,False,False,108,459,5,2,16174,1306634705455009798,Rajbjp,rajsd_bjp,"saffron stock..
State secretary
IT & SM
Tamil Nadu",,False,True,4995,1756,20051,[],[],N/A
2011844541507399909,Thu Jan 15 16:54:51 +0000 2026,"எங்கள் தளபதி விஜய் அவர்களை தொட்டா இதுதான் உங்க நிலைமை🔥
@actorvijay https://t.co/2WMYFH1euM",ta,False,False,1560,5675,2,22,42227,1607237195248668673,Rawther Ibrahimm,Ibrahim_0369,🇮🇳 TVK -மாநிலச் செய்தித் தொடர்பாளர்🇮🇳,,False,True,16888,204,1562,[],[],N/A
2011804933947798014,Thu Jan 15 14:17:28 +0000 2026,"இவருடைய எந்த போட்டோவையும் பார்த்தாலும்,

ஒரு விஷயம் மட்டும் என்னை ஆச்சரியப்படுத்திட்டே இருக்கும்...

பந்தா, பகட்டு, தோரணை எதுவும் கிடையாது. 

இந்த மாநிலத்தை ஆட்சி செய்த முதல்வர் என்ற தலைக்கனம் இவருடைய பாடி லாங்குவேஜ்ல பார்க்கவே முடியாது.

எப்படி இவரால் இப்படி சாதாரண சராசரி மனிதனோட மனநிலையில் இருக்க முடியுது?🤔",ta,False,False,135,632,50,5,21160,825255762,Kamal (Save TN. Bring back EPS as CM 🙏),Kamalstwitt,,,False,False,1872,5363,24137,[],[],N/A
2011854766314340722,Thu Jan 15 17:35:29 +0000 2026,"இதுதான் எங்கள் மனிதநேய தமிழ்நாடு 

இது போல் இது போல் இதுபோல் மதநல்லிணக்கத்தோடு ஒட்டி உறவாடி வாழ்வதாக இருந்தால் மதத்தை பின்பற்றுங்கள் இல்லை என்றால் மதத்தை எல்லாம் தூங்கி எறிந்து விட்டு மனிதநேயத்துடன் பண்டிகைகளை கொண்டாடுங்கள்.. https://t.co/k30XW80Nfg",ta,False,False,340,980,16,7,12494,1667805038172082176,𝙄𝙣𝙗𝙖 𝐌𝐫 𝙃𝙪𝙢𝙖𝙣𝙞𝙨𝙩,im_inba1,https://t.co/mCoD9YcneT,𝐊𝐮𝐦𝐛𝐚𝐤𝐨𝐧𝐚𝐦 𝐈𝐍𝐃,False,True,37821,3480,137374,[],[],N/A
2011800541140242769,Thu Jan 15 14:00:01 +0000 2026,"அடையாளத்திற்கும் திறமைக்கும் மரியாதை 🙌

50 திருநங்கைகளை Home Guards-ஆக இணைத்த தமிழ்நாடு அரசு ❤️

#tamilnadu #No1TamilNadu #TNgovt #MKStalin #MKStalinGovt #TransgenderRights #SocialJustice #InclusiveGovernance https://t.co/ARdxouKdvM",ta,False,False,152,381,11,2,2106,1898024897873428480,No.1 Tamil Nadu,No_1TamilNadu,"தமிழ்நாட்டு மக்களின் வாழ்வை முன்னேற்றி, சமூக பொருளாதார வளர்ச்சியில் No.1 மாநிலமாக உயர்ந்து நிற்கும் தமிழ்நாடு அரசின் செயல்பாடுகள் பற்றி அறிய இணைந்திருங்கள்",,False,False,1973,1,1299,"['tamilnadu', 'No1TamilNadu', 'TNgovt', 'MKStalin', 'MKStalinGovt', 'TransgenderRights', 'SocialJustice', 'InclusiveGovernance']",[],N/A
2011841156150411396,Thu Jan 15 16:41:24 +0000 2026,"பார்ப்பனீய கடப்பாரையா?
திராவிட புல்டோசரா? https://t.co/ZgFOqurEW2",ta,False,False,95,256,4,1,4059,2918809411,ஜெயராமன் திமுக,jayaraman418,சுயமரியாதையுள்ள திமுக தொண்டன்.,ramanathapuram,False,True,11463,1584,29226,[],[],N/A
2011820288938557499,Thu Jan 15 15:18:29 +0000 2026,"மாற்றத்தை விரும்பும் சாமானிய மக்களின் குரல்✅

எது எப்படியோ திமுக அழிந்து போகட்டும்.. 

திமுக நாசமா போனா நமக்கு சந்தோஷம் தான். 

#தீ_பரவட்டும் 🔥🔥

 https://t.co/pJN5a5DApv",ta,False,False,52,155,2,1,1301,1182218259300356096,கழுகுப்பார்வை 🦅🇮🇳,TheEagle3_0,The True Indian 🇮🇳  🕉️Hindu,Bharat 🇮🇳,False,True,24639,8189,61194,['தீ_பரவட்டும்'],[],N/A
2011825101394886700,Thu Jan 15 15:37:36 +0000 2026,சீமான் எதுக்கு கட்சி நடத்துறான்? https://t.co/Ka1lyGeBIy,ta,False,False,121,342,19,6,15310,2918809411,ஜெயராமன் திமுக,jayaraman418,சுயமரியாதையுள்ள திமுக தொண்டன்.,ramanathapuram,False,True,11463,1584,29226,[],[],N/A
2011998417845961218,Fri Jan 16 03:06:18 +0000 2026,"அறம், பொருள், இன்பம் என, வாழ்க்கைக்கான நெறிகளைப் போதிக்கும் திருக்குறளைத் தந்த திருவள்ளுவர் தினமான இன்று, தமிழக மக்கள் அனைவருக்கும் நல்வாழ்த்துக்களைத் தெரிவித்துக் கொள்கிறேன்.

காலங்களைக் கடந்து வழிகாட்டும் திருக்குறள், அனைவரின் வாழ்விலும் ஒளிவிளக்காகத் திகழட்டும். தமிழின் பெருமையும், திருக்குறளின் புகழும், உலகெங்கும் பரவட்டும்.",ta,False,False,1034,4221,160,26,46373,61121030,K.Annamalai,annamalai_k,அறம் செய்ய விரும்பு. BJP Karyakartha.,India,False,True,1011790,886,18286,[],[],N/A
1972314859653243351,Sun Sep 28 14:58:01 +0000 2025,கரூரில் நடந்துள்ள துயரமான சம்பவத்திற்கு திமுக அரசின் அலட்சியமே காரணம்!! முன்னாள் மாநிலத் தலைவர் திரு.@annamalai_k அவர்கள்! https://t.co/bgNY9WQZrd,ta,False,False,58,208,1,1,1565,1627576116616765442,En Mann En Makkal,EnMannEnMakkal,"My Land, My People | Official Handle of Thalaivar Thiru K Annamalai’s Yatra | Come, let us ignite a political revolution in Tamil Nadu! | #VendumMeendumModi",Tamilnadu,False,True,31408,9,6153,[],[],N/A
2011862965432233990,Thu Jan 15 18:08:04 +0000 2026,"பாடப்படாத தமிழ்த்தாய் வாழ்த்து; பாடவைத்த குடியரசு துணைத் தலைவர்!

#VicePresident #News18Tamilnadu | https://t.co/3v5L32pLWJ https://t.co/xl7EMzBI5u",ta,False,False,219,1335,21,5,43077,739042814755901440,News18 Tamil Nadu,News18TamilNadu,"மின்னல் வேகத்தில் பிரேக்கிங் நியூஸ்  #நியூஸ்18தமிழ்நாடு 

News18 Tamil Nadu, Network18 Group caters to News & information to the Tamil viewers.","Chennai, India",False,True,1531075,36,364563,"['VicePresident', 'News18Tamilnadu']",['http://News18Tamil.com'],N/A
2005297688758067238,Sun Dec 28 15:20:00 +0000 2025,பாஜக சமத்துவ கட்சி! திமுக தான் மதவாத கட்சி! - முன்னாள் மாநில தலைவர் திரு. @annamalai_k அவர்கள் அதிரடி! https://t.co/KB187Yggq1,ta,False,False,106,322,5,0,2173,1627576116616765442,En Mann En Makkal,EnMannEnMakkal,"My Land, My People | Official Handle of Thalaivar Thiru K Annamalai’s Yatra | Come, let us ignite a political revolution in Tamil Nadu! | #VendumMeendumModi",Tamilnadu,False,True,31408,9,6153,[],[],N/A
2011849028456366283,Thu Jan 15 17:12:41 +0000 2026,"Humility is the answer to building a great nation!

Thiru @RahulGandhi 

#RahulGandhi https://t.co/EAtkupOGUJ",en,False,False,76,211,4,0,2616,1332272064,Tamil Nadu Congress Committee,INCTamilNadu,Official Twitter Handle of Tamil Nadu Congress Committee. Retweets are not endorsements.,,False,True,175168,561,71815,['RahulGandhi'],[],N/A
2011774121194172923,Thu Jan 15 12:15:02 +0000 2026,"எங்கள் ஐயா 🙏🙏
@EPSTamilNadu 

தை பிறந்து விட்டது; தமிழகத்துக்கு நல்லது நடக்கவிருக்கிறது! https://t.co/PKaDKd7wrD",ta,False,False,85,256,9,2,1757,620778939,Prof Vinod - Say No To Drugs & DMK,prof_vinodkumar,Live a Protagonist!! Sow the best Seeds!,,False,False,1657,182,14144,[],[],N/A
2011820632644993231,Thu Jan 15 15:19:51 +0000 2026,"திமுகவை விட அதிக ஆண்டு ஆட்சி செய்த அதிமுக மங்குனிகளுக்கு இதெல்லாம் தோணவே இல்ல..!

காமராஜ் ஐயா உதவியால் நம்மிடமிருந்து மூனாறை கைப்பற்றிய கேரளா இது மாதிரி 2 விட்டு செமத்தயா கல்லா கட்டுது

வால்பாறை, ஏற்காடு, கொடைக்கானல், என ஊருக்கு ஒன்னு ஏன் நம்ம விடக்கூடாது https://t.co/1LRIHo8u8N",ta,False,False,140,402,2,0,20958,1316922660618719233,VISWA NATHAN,TNEXPLORE,,Pudukkottai ,False,False,15195,2518,138952,[],[],N/A
1987919275756298541,Mon Nov 10 16:24:23 +0000 2025,"SIR பற்றி @mkstalin அவர்கள் வெளியிட்ட காமெடி வீடியோ 😆

@narendramodi @AmitShah @rajnathsingh @nsitharaman @AshwiniVaishnaw

@blsanthosh @MenonArvindBJP @ReddySudhakar21 @NainarBJP @KesavaVinayakan @annamalai_k https://t.co/tCMttrqnv4",ta,False,False,228,639,42,1,6165,428095455,Ashvathaman Allimuthu,asuvathaman,"State Secretary TN BJP, founder Project TamilAi, founder Integral Humanism Foundation, Partner Ashvathaman Associates, director-ledge & law, Director-DEFFO TECH","Tamil Nadu, India",False,True,99593,419,8057,[],[],N/A
2009482092875563058,Fri Jan 09 04:27:19 +0000 2026,"Heartfelt birthday wishes & greetings to our Hon EAM Thiru @DrSJaishankar avl. 

Under his able leadership, the Ministry of External Affairs has been instrumental in elevating India's position on the global stage, and our nation's diplomatic initiatives have reflected strength, clarity, and unwavering commitment to India's national interests, setting new benchmarks in international relations.

Wishing him a wonderful year ahead filled with continued success and good health.",en,False,False,929,5383,77,10,34783,61121030,K.Annamalai,annamalai_k,அறம் செய்ய விரும்பு. BJP Karyakartha.,India,False,True,1011790,886,18286,[],[],N/A
1936607751222018472,Sun Jun 22 02:10:42 +0000 2025,"மதுரையில் இன்று ஜூன் 22 முருகன் பக்தர் மாநாடு நடைபெறுகிறது

 இத்தருணத்தில் தன் வாழ்நாள் எல்லாம் முருக பக்தி பாடல்களை பாடி  தமிழ்நாட்டில் பெரும் ஆன்மீகப் புரட்சி செய்தவர் ஐயா டி எம் சௌந்தரராஜன் அவர்கள் 

அவர் திரையுலகுக்கு பின்னணி பாட வருவதற்கு முன்பு கூட தமிழகம் முழுக்க முருக பஜன் செய்து கொண்டிருந்தவர் இம்மாநாடு நடைபெறும் இந்த நேரத்தில் அவருக்கு மரியாதை செய்ய வேண்டியது நமது கடமை என்று நினைத்தோம்

 எனவே பாஜக தொண்டர்களுடன் மதுரையில் முனிச்சாலை அருகில் உள்ள டி எம் எஸ் சிலைக்கு மாலை அணிவித்து மரியாதை செய்தோம்

இராம ஸ்ரீநிவாசன்",ta,False,False,122,627,17,2,6633,1174692144411566081,Raama Sreenivasan,ProfessorBJP,State General Secretary - BJP Tamil Nadu,"Madurai, Tamilnadu",False,False,103676,481,4436,[],[],N/A
2005963685899215138,Tue Dec 30 11:26:26 +0000 2025,"தமிழகத்தில் எங்கேயுமே கஞ்சா நடமாட்டமே இல்லை என்று கொஞ்சம் கூடக் கூச்சமே இல்லாமல் பேசியிருக்கிறார் திமுக அமைச்சர் திரு. மா.சுப்பிரமணியன் அவர்கள். முதலமைச்சர் திரு @mkstalin நடத்தும் நடைபயிற்சி ஷூட்டிங்கிற்கான ஏற்பாட்டிலேயே தனது முழு நேரத்தையும் செலவிடுவதால், அமைச்சருக்கு உண்மை நிலை தெரிந்திருக்க வாய்ப்பில்லை.

நேற்றைய தினம், திருத்தணியில், 17 வயது சிறுவர்கள், கஞ்சா போதையில் ஒரு வடமாநில இளைஞரை அரிவாளால் கடுமையாக வெட்டிய காணொளியை, அமைச்சர் பொய் என்கிறாரா? தமிழகத்தின் பல பகுதிகளில் கஞ்சா விற்பனை, கடத்தல் மற்றும் வைத்திருப்பு தொடர்பான வழக்குகள் தொடர்ந்து பதிவாகி வருகின்றன. இந்த ஆண்டில் மட்டுமே, தூத்துக்குடியில் திமுக கவுன்சிலரின் மகன் கஞ்சா வழக்கில் கைது செய்யப்பட்ட சம்பவம், சென்னை, ஆவடி பகுதியில் ஆயிரக்கணக்கான கிலோ கஞ்சா பறிமுதல் செய்யப்பட்டது, ராமநாதபுரம், திண்டுக்கல் மற்றும் மதுரை மாவட்டங்களில், கஞ்சா விற்பனை மற்றும் கடத்தல் வழக்குகளில் நூற்றுக்கணக்கான கிலோ கஞ்சா பறிமுதல் செய்யப்பட்டு பலர் கைது செய்யப்பட்டுள்ளது, கஞ்சா விற்பனை வழக்குகளில் சிறை தண்டனை விதித்து நீதிமன்றமே தீர்ப்பளித்துள்ளது என, இவை அனைத்தும் நாம் நாள்தோறும் படிக்கும் செய்திகள். 

கோவையில் கல்லூரி மாணவர் விடுதிகளில் போலீசார் நடத்திய சோதனையில் கஞ்சா உள்ளிட்ட போதைப்பொருட்களும் ஆயுதங்களும் பறிமுதல் செய்யப்பட்டுள்ளன. மாணவர் விடுதிகள் வரை கஞ்சா விற்பனை ஊடுருவியிருப்பது, போதைப்பொருள் எவ்வளவு ஆழமாக தமிழகத்தில் பரவியுள்ளது என்பதற்கான நேரடி சாட்சி. கல்வி வளாகங்களே பாதுகாப்பற்ற நிலையில் இருக்கும்போது, கஞ்சா புழக்கம் இல்லை என்று பேசுவது பொதுமக்களுக்குச் செய்யும் துரோகம். கஞ்சா விற்பனை மற்றும் புழக்கத்தைக் கட்டுப்படுத்த முடியாமல் தோல்வியடைந்த திமுக அரசு, இன்று உண்மையை மறைத்து தப்பிக்க முயல்கிறது.

போதைப்பொருள் சட்ட ஒழுங்கு பிரச்சினை மட்டும் அல்ல. அது தமிழக இளைஞர்களின் எதிர்காலத்தை சிதைக்கும் சமூகப் பேரழிவு. கஞ்சா கடத்துபவர்கள் மீதும் விற்பனை செய்பவர்கள் மீதும் கடுமையான நடவடிக்கை எடுப்பதை விட்டுவிட்டு, முழு பூசணிக்காயைச் சோற்றில் மறைக்க அமைச்சர் திரு மா.சுப்பிரமணியன் முயற்சிப்பது வெட்கக்கேடு.",ta,False,,1502,4298,109,14,72695,61121030,K.Annamalai,annamalai_k,அறம் செய்ய விரும்பு. BJP Karyakartha.,India,False,True,1011790,886,18286,[],[],N/A
